time,symbol,signal,fvg_zone,liquidity_grab,order_block
2025-09-19 21:28:12,GBPUSD,sell,"(np.float64(1.3469), np.float64(1.34693))",,"(np.float64(1.34747), np.float64(1.34816))"
2025-09-19 21:28:17,GBPUSD,sell,"(np.float64(1.3469), np.float64(1.34693))",,"(np.float64(1.34747), np.float64(1.34816))"
2025-09-19 21:28:22,GBPUSD,sell,"(np.float64(1.3469), np.float64(1.34693))",,"(np.float64(1.34747), np.float64(1.34816))"
2025-09-19 21:28:27,GBPUSD,sell,"(np.float64(1.3469), np.float64(1.34693))",,"(np.float64(1.34747), np.float64(1.34816))"
2025-09-19 21:28:32,GBPUSD,sell,"(np.float64(1.3469), np.float64(1.34693))",,"(np.float64(1.34747), np.float64(1.34816))"
2025-09-19 21:28:37,GBPUSD,sell,"(np.float64(1.3469), np.float64(1.34693))",,"(np.float64(1.34747), np.float64(1.34816))"
2025-09-19 21:28:42,GBPUSD,sell,"(np.float64(1.3469), np.float64(1.34693))",,"(np.float64(1.34747), np.float64(1.34816))"
2025-09-19 21:28:47,GBPUSD,sell,"(np.float64(1.3469), np.float64(1.34693))",,"(np.float64(1.34747), np.float64(1.34816))"
2025-09-19 21:28:52,GBPUSD,sell,"(np.float64(1.3469), np.float64(1.34693))",,"(np.float64(1.34747), np.float64(1.34816))"
2025-09-19 21:28:57,GBPUSD,sell,"(np.float64(1.3469), np.float64(1.34693))",,"(np.float64(1.34747), np.float64(1.34816))"
2025-09-19 21:29:02,GBPUSD,sell,"(np.float64(1.3469), np.float64(1.34693))",,"(np.float64(1.34747), np.float64(1.34816))"
2025-09-19 21:29:07,GBPUSD,sell,"(np.float64(1.3469), np.float64(1.34693))",,"(np.float64(1.34747), np.float64(1.34816))"
2025-09-19 21:29:12,GBPUSD,sell,"(np.float64(1.3469), np.float64(1.34693))",,"(np.float64(1.34747), np.float64(1.34816))"
2025-09-19 21:29:17,GBPUSD,sell,"(np.float64(1.3469), np.float64(1.34693))",,"(np.float64(1.34747), np.float64(1.34816))"
2025-09-19 21:29:22,GBPUSD,sell,"(np.float64(1.3469), np.float64(1.34693))",,"(np.float64(1.34747), np.float64(1.34816))"
2025-09-19 21:29:27,GBPUSD,sell,"(np.float64(1.3469), np.float64(1.34693))",,"(np.float64(1.34747), np.float64(1.34816))"
2025-09-19 21:29:32,GBPUSD,sell,"(np.float64(1.3469), np.float64(1.34693))",,"(np.float64(1.34747), np.float64(1.34816))"
2025-09-19 21:29:37,GBPUSD,sell,"(np.float64(1.3469), np.float64(1.34693))",,"(np.float64(1.34747), np.float64(1.34816))"
2025-09-19 21:29:42,GBPUSD,sell,"(np.float64(1.3469), np.float64(1.34693))",,"(np.float64(1.34747), np.float64(1.34816))"
2025-09-19 21:29:47,GBPUSD,sell,"(np.float64(1.3469), np.float64(1.34693))",,"(np.float64(1.34747), np.float64(1.34816))"
2025-09-19 21:29:52,GBPUSD,sell,"(np.float64(1.3469), np.float64(1.34693))",,"(np.float64(1.34747), np.float64(1.34816))"
2025-09-19 21:29:57,GBPUSD,sell,"(np.float64(1.3469), np.float64(1.34693))",,"(np.float64(1.34747), np.float64(1.34816))"
2025-09-19 21:30:02,GBPUSD,buy,"(np.float64(1.34679), np.float64(1.34689))",,"(np.float64(1.34674), np.float64(1.34706))"
2025-09-19 21:30:03,GBPUSD,buy,1.34686,1.3467099999999999,1.34716
2025-09-19 21:30:08,GBPUSD,buy,"(np.float64(1.34679), np.float64(1.34689))",,"(np.float64(1.34674), np.float64(1.34706))"
2025-09-19 21:30:13,GBPUSD,buy,"(np.float64(1.34679), np.float64(1.34689))",,"(np.float64(1.34674), np.float64(1.34706))"
2025-09-19 21:30:18,GBPUSD,buy,"(np.float64(1.34679), np.float64(1.34689))",,"(np.float64(1.34674), np.float64(1.34706))"
2025-09-19 21:30:23,GBPUSD,buy,"(np.float64(1.34679), np.float64(1.34689))",,"(np.float64(1.34674), np.float64(1.34706))"
2025-09-19 21:30:28,GBPUSD,buy,"(np.float64(1.34679), np.float64(1.34689))",,"(np.float64(1.34674), np.float64(1.34706))"
2025-09-19 21:30:33,GBPUSD,buy,"(np.float64(1.34679), np.float64(1.34689))",,"(np.float64(1.34674), np.float64(1.34706))"
2025-09-19 21:30:38,GBPUSD,sell,"(np.float64(1.34679), np.float64(1.34689))",,"(np.float64(1.34747), np.float64(1.34816))"
2025-09-19 21:30:43,GBPUSD,buy,"(np.float64(1.34679), np.float64(1.34689))",,"(np.float64(1.34674), np.float64(1.34706))"
2025-09-19 21:30:48,GBPUSD,sell,"(np.float64(1.34679), np.float64(1.34689))",,"(np.float64(1.34747), np.float64(1.34816))"
2025-09-19 21:30:53,GBPUSD,sell,"(np.float64(1.34679), np.float64(1.34689))",,"(np.float64(1.34747), np.float64(1.34816))"
2025-09-19 21:30:58,GBPUSD,sell,"(np.float64(1.34679), np.float64(1.34689))",,"(np.float64(1.34747), np.float64(1.34816))"
2025-09-19 21:31:03,GBPUSD,sell,"(np.float64(1.34679), np.float64(1.34689))",,"(np.float64(1.34747), np.float64(1.34816))"
2025-09-19 21:31:08,GBPUSD,sell,"(np.float64(1.34679), np.float64(1.34689))",,"(np.float64(1.34747), np.float64(1.34816))"
2025-09-19 21:31:13,GBPUSD,sell,"(np.float64(1.34679), np.float64(1.34689))",,"(np.float64(1.34747), np.float64(1.34816))"
2025-09-19 21:31:18,GBPUSD,buy,"(np.float64(1.34679), np.float64(1.34689))",,"(np.float64(1.34674), np.float64(1.34706))"
2025-09-19 21:31:18,GBPUSD,buy,1.34687,1.34672,1.34717
2025-09-19 21:31:23,GBPUSD,buy,"(np.float64(1.34679), np.float64(1.34689))",,"(np.float64(1.34674), np.float64(1.34706))"
2025-09-19 21:31:28,GBPUSD,sell,"(np.float64(1.34679), np.float64(1.34689))",,"(np.float64(1.34747), np.float64(1.34816))"
2025-09-19 21:31:33,GBPUSD,sell,"(np.float64(1.34679), np.float64(1.34689))",,"(np.float64(1.34747), np.float64(1.34816))"
2025-09-19 21:31:38,GBPUSD,sell,"(np.float64(1.34679), np.float64(1.34689))",,"(np.float64(1.34747), np.float64(1.34816))"
2025-09-19 21:31:43,GBPUSD,sell,"(np.float64(1.34679), np.float64(1.34689))",,"(np.float64(1.34747), np.float64(1.34816))"
2025-09-19 21:31:48,GBPUSD,sell,"(np.float64(1.34679), np.float64(1.34689))",,"(np.float64(1.34747), np.float64(1.34816))"
2025-09-19 21:31:53,GBPUSD,sell,"(np.float64(1.34679), np.float64(1.34689))",,"(np.float64(1.34747), np.float64(1.34816))"
2025-09-19 21:31:58,GBPUSD,sell,"(np.float64(1.34679), np.float64(1.34689))",,"(np.float64(1.34747), np.float64(1.34816))"
2025-09-19 21:32:03,GBPUSD,sell,"(np.float64(1.34679), np.float64(1.34689))",,"(np.float64(1.34747), np.float64(1.34816))"
2025-09-19 21:32:08,GBPUSD,sell,"(np.float64(1.34679), np.float64(1.34689))",,"(np.float64(1.34747), np.float64(1.34816))"
2025-09-19 21:32:13,GBPUSD,sell,"(np.float64(1.34679), np.float64(1.34689))",,"(np.float64(1.34747), np.float64(1.34816))"
2025-09-19 21:32:18,GBPUSD,buy,"(np.float64(1.34679), np.float64(1.34689))",,"(np.float64(1.34674), np.float64(1.34706))"
2025-09-19 21:32:19,GBPUSD,buy,1.3468499999999999,1.3466999999999998,1.3471499999999998
2025-09-19 21:32:24,GBPUSD,buy,"(np.float64(1.34679), np.float64(1.34689))",,"(np.float64(1.34674), np.float64(1.34706))"
2025-09-19 21:32:29,GBPUSD,sell,"(np.float64(1.34679), np.float64(1.34689))",,"(np.float64(1.34747), np.float64(1.34816))"
2025-09-19 21:32:34,GBPUSD,sell,"(np.float64(1.34679), np.float64(1.34689))",,"(np.float64(1.34747), np.float64(1.34816))"
2025-09-19 21:32:39,GBPUSD,buy,"(np.float64(1.34679), np.float64(1.34689))",,"(np.float64(1.34674), np.float64(1.34706))"
2025-09-19 21:32:44,GBPUSD,sell,"(np.float64(1.34679), np.float64(1.34689))",,"(np.float64(1.34747), np.float64(1.34816))"
2025-09-19 21:32:49,GBPUSD,sell,"(np.float64(1.34679), np.float64(1.34689))",,"(np.float64(1.34747), np.float64(1.34816))"
2025-09-19 21:32:54,GBPUSD,sell,"(np.float64(1.34679), np.float64(1.34689))",,"(np.float64(1.34747), np.float64(1.34816))"
2025-09-19 21:32:59,GBPUSD,sell,"(np.float64(1.34679), np.float64(1.34689))",,"(np.float64(1.34747), np.float64(1.34816))"
2025-09-19 21:33:04,GBPUSD,sell,"(np.float64(1.34679), np.float64(1.34689))",,"(np.float64(1.34747), np.float64(1.34816))"
2025-09-19 21:33:09,GBPUSD,sell,"(np.float64(1.34679), np.float64(1.34689))",,"(np.float64(1.34747), np.float64(1.34816))"
2025-09-19 21:33:14,GBPUSD,sell,"(np.float64(1.34679), np.float64(1.34689))",,"(np.float64(1.34747), np.float64(1.34816))"
2025-09-19 21:33:19,GBPUSD,sell,"(np.float64(1.34679), np.float64(1.34689))",,"(np.float64(1.34747), np.float64(1.34816))"
2025-09-19 21:33:24,GBPUSD,buy,"(np.float64(1.34679), np.float64(1.34689))",,"(np.float64(1.34674), np.float64(1.34706))"
2025-09-19 21:33:24,GBPUSD,buy,1.34689,1.3467399999999998,1.3471899999999999
2025-09-19 21:33:29,GBPUSD,buy,"(np.float64(1.34679), np.float64(1.34689))",,"(np.float64(1.34674), np.float64(1.34706))"
2025-09-19 21:33:34,GBPUSD,buy,"(np.float64(1.34679), np.float64(1.34689))",,"(np.float64(1.34674), np.float64(1.34706))"
2025-09-19 21:33:39,GBPUSD,buy,"(np.float64(1.34679), np.float64(1.34689))",,"(np.float64(1.34674), np.float64(1.34706))"
2025-09-19 21:33:44,GBPUSD,buy,"(np.float64(1.34679), np.float64(1.34689))",,"(np.float64(1.34674), np.float64(1.34706))"
2025-09-19 21:33:49,GBPUSD,buy,"(np.float64(1.34679), np.float64(1.34689))",,"(np.float64(1.34674), np.float64(1.34706))"
2025-09-19 21:33:54,GBPUSD,buy,"(np.float64(1.34679), np.float64(1.34689))",,"(np.float64(1.34674), np.float64(1.34706))"
2025-09-19 21:34:00,GBPUSD,buy,"(np.float64(1.34679), np.float64(1.34689))",,"(np.float64(1.34674), np.float64(1.34706))"
2025-09-19 21:34:05,GBPUSD,buy,"(np.float64(1.34679), np.float64(1.34689))",,"(np.float64(1.34674), np.float64(1.34706))"
2025-09-19 21:34:10,GBPUSD,buy,"(np.float64(1.34679), np.float64(1.34689))",,"(np.float64(1.34674), np.float64(1.34706))"
2025-09-19 21:34:15,GBPUSD,buy,"(np.float64(1.34679), np.float64(1.34689))",,"(np.float64(1.34674), np.float64(1.34706))"
2025-09-19 21:34:20,GBPUSD,buy,"(np.float64(1.34679), np.float64(1.34689))",,"(np.float64(1.34674), np.float64(1.34706))"
2025-09-19 21:34:25,GBPUSD,buy,"(np.float64(1.34679), np.float64(1.34689))",,"(np.float64(1.34674), np.float64(1.34706))"
2025-09-19 21:34:26,GBPUSD,buy,1.34689,1.3467399999999998,1.3471899999999999
2025-09-19 21:34:31,GBPUSD,buy,"(np.float64(1.34679), np.float64(1.34689))",,"(np.float64(1.34674), np.float64(1.34706))"
2025-09-19 21:34:36,GBPUSD,buy,"(np.float64(1.34679), np.float64(1.34689))",,"(np.float64(1.34674), np.float64(1.34706))"
2025-09-19 21:34:41,GBPUSD,buy,"(np.float64(1.34679), np.float64(1.34689))",,"(np.float64(1.34674), np.float64(1.34706))"
2025-09-19 21:34:46,GBPUSD,buy,"(np.float64(1.34679), np.float64(1.34689))",,"(np.float64(1.34674), np.float64(1.34706))"
2025-09-19 21:34:51,GBPUSD,buy,"(np.float64(1.34679), np.float64(1.34689))",,"(np.float64(1.34674), np.float64(1.34706))"
2025-09-19 21:34:56,GBPUSD,buy,"(np.float64(1.34679), np.float64(1.34689))",,"(np.float64(1.34674), np.float64(1.34706))"
2025-09-19 21:35:01,GBPUSD,buy,"(np.float64(1.34679), np.float64(1.34689))",,"(np.float64(1.34674), np.float64(1.34706))"
2025-09-19 21:35:06,GBPUSD,buy,"(np.float64(1.34679), np.float64(1.34689))",,"(np.float64(1.34674), np.float64(1.34706))"
2025-09-19 21:35:11,GBPUSD,sell,"(np.float64(1.34679), np.float64(1.34689))",,"(np.float64(1.34747), np.float64(1.34816))"
2025-09-19 21:35:16,GBPUSD,sell,"(np.float64(1.34679), np.float64(1.34689))",,"(np.float64(1.34747), np.float64(1.34816))"
2025-09-19 21:35:21,GBPUSD,sell,"(np.float64(1.34679), np.float64(1.34689))",,"(np.float64(1.34747), np.float64(1.34816))"
2025-09-19 21:35:26,GBPUSD,buy,"(np.float64(1.34679), np.float64(1.34689))",,"(np.float64(1.34674), np.float64(1.34706))"
2025-09-19 21:35:26,GBPUSD,buy,1.3468499999999999,1.3466999999999998,1.3471499999999998
2025-09-19 21:35:31,GBPUSD,buy,"(np.float64(1.34679), np.float64(1.34689))",,"(np.float64(1.34674), np.float64(1.34706))"
2025-09-19 21:35:36,GBPUSD,buy,"(np.float64(1.34679), np.float64(1.34689))",,"(np.float64(1.34674), np.float64(1.34706))"
2025-09-19 21:35:41,GBPUSD,buy,"(np.float64(1.34679), np.float64(1.34689))",,"(np.float64(1.34674), np.float64(1.34706))"
2025-09-19 21:35:46,GBPUSD,buy,"(np.float64(1.34679), np.float64(1.34689))",,"(np.float64(1.34674), np.float64(1.34706))"
2025-09-19 21:35:51,GBPUSD,sell,"(np.float64(1.34679), np.float64(1.34689))",,"(np.float64(1.34747), np.float64(1.34816))"
2025-09-19 21:35:57,GBPUSD,sell,"(np.float64(1.34679), np.float64(1.34689))",,"(np.float64(1.34747), np.float64(1.34816))"
2025-09-19 21:36:02,GBPUSD,sell,"(np.float64(1.34679), np.float64(1.34689))",,"(np.float64(1.34747), np.float64(1.34816))"
2025-09-19 21:36:07,GBPUSD,sell,"(np.float64(1.34679), np.float64(1.34689))",,"(np.float64(1.34747), np.float64(1.34816))"
2025-09-19 21:36:12,GBPUSD,sell,"(np.float64(1.34679), np.float64(1.34689))",,"(np.float64(1.34747), np.float64(1.34816))"
2025-09-19 21:36:17,GBPUSD,sell,"(np.float64(1.34679), np.float64(1.34689))",,"(np.float64(1.34747), np.float64(1.34816))"
2025-09-19 21:36:22,GBPUSD,sell,"(np.float64(1.34679), np.float64(1.34689))",,"(np.float64(1.34747), np.float64(1.34816))"
2025-09-19 21:36:27,GBPUSD,sell,"(np.float64(1.34679), np.float64(1.34689))",,"(np.float64(1.34747), np.float64(1.34816))"
2025-09-19 21:36:27,GBPUSD,sell,1.34679,1.34694,1.34649
2025-09-19 21:36:32,GBPUSD,sell,"(np.float64(1.34679), np.float64(1.34689))",,"(np.float64(1.34747), np.float64(1.34816))"
2025-09-19 21:36:37,GBPUSD,sell,"(np.float64(1.34679), np.float64(1.34689))",,"(np.float64(1.34747), np.float64(1.34816))"
2025-09-19 21:36:42,GBPUSD,sell,"(np.float64(1.34679), np.float64(1.34689))",,"(np.float64(1.34747), np.float64(1.34816))"
2025-09-19 21:36:47,GBPUSD,sell,"(np.float64(1.34679), np.float64(1.34689))",,"(np.float64(1.34747), np.float64(1.34816))"
2025-09-19 21:36:52,GBPUSD,sell,"(np.float64(1.34679), np.float64(1.34689))",,"(np.float64(1.34747), np.float64(1.34816))"
2025-09-19 21:36:57,GBPUSD,sell,"(np.float64(1.34679), np.float64(1.34689))",,"(np.float64(1.34747), np.float64(1.34816))"
2025-09-19 21:37:02,GBPUSD,sell,"(np.float64(1.34679), np.float64(1.34689))",,"(np.float64(1.34747), np.float64(1.34816))"
2025-09-19 21:37:07,GBPUSD,sell,"(np.float64(1.34679), np.float64(1.34689))",,"(np.float64(1.34747), np.float64(1.34816))"
2025-09-19 21:37:12,GBPUSD,sell,"(np.float64(1.34679), np.float64(1.34689))",,"(np.float64(1.34747), np.float64(1.34816))"
2025-09-19 21:37:17,GBPUSD,sell,"(np.float64(1.34679), np.float64(1.34689))",,"(np.float64(1.34747), np.float64(1.34816))"
2025-09-19 21:37:22,GBPUSD,sell,"(np.float64(1.34679), np.float64(1.34689))",,"(np.float64(1.34747), np.float64(1.34816))"
2025-09-19 21:37:27,GBPUSD,sell,"(np.float64(1.34679), np.float64(1.34689))",,"(np.float64(1.34747), np.float64(1.34816))"
2025-09-19 21:37:32,GBPUSD,sell,"(np.float64(1.34679), np.float64(1.34689))",,"(np.float64(1.34747), np.float64(1.34816))"
2025-09-19 21:37:37,GBPUSD,sell,"(np.float64(1.34679), np.float64(1.34689))",,"(np.float64(1.34747), np.float64(1.34816))"
2025-09-19 21:37:42,GBPUSD,sell,"(np.float64(1.34679), np.float64(1.34689))",,"(np.float64(1.34747), np.float64(1.34816))"
2025-09-19 21:37:47,GBPUSD,sell,"(np.float64(1.34679), np.float64(1.34689))",,"(np.float64(1.34747), np.float64(1.34816))"
2025-09-19 21:37:52,GBPUSD,sell,"(np.float64(1.34679), np.float64(1.34689))",,"(np.float64(1.34747), np.float64(1.34816))"
2025-09-19 21:37:57,GBPUSD,sell,"(np.float64(1.34679), np.float64(1.34689))",,"(np.float64(1.34747), np.float64(1.34816))"
2025-09-19 21:38:02,GBPUSD,sell,"(np.float64(1.34679), np.float64(1.34689))",,"(np.float64(1.34747), np.float64(1.34816))"
2025-09-19 21:38:08,GBPUSD,sell,"(np.float64(1.34679), np.float64(1.34689))",,"(np.float64(1.34747), np.float64(1.34816))"
2025-09-19 21:38:13,GBPUSD,sell,"(np.float64(1.34679), np.float64(1.34689))",,"(np.float64(1.34747), np.float64(1.34816))"
2025-09-19 21:38:18,GBPUSD,sell,"(np.float64(1.34679), np.float64(1.34689))",,"(np.float64(1.34747), np.float64(1.34816))"
2025-09-19 21:38:19,GBPUSD,sell,1.3468,1.34695,1.3465
2025-09-19 21:38:24,GBPUSD,sell,"(np.float64(1.34679), np.float64(1.34689))",,"(np.float64(1.34747), np.float64(1.34816))"
2025-09-19 21:38:29,GBPUSD,sell,"(np.float64(1.34679), np.float64(1.34689))",,"(np.float64(1.34747), np.float64(1.34816))"
2025-09-19 21:38:34,GBPUSD,sell,"(np.float64(1.34679), np.float64(1.34689))",,"(np.float64(1.34747), np.float64(1.34816))"
2025-09-19 21:38:39,GBPUSD,sell,"(np.float64(1.34679), np.float64(1.34689))",,"(np.float64(1.34747), np.float64(1.34816))"
2025-09-19 21:38:44,GBPUSD,sell,"(np.float64(1.34679), np.float64(1.34689))",,"(np.float64(1.34747), np.float64(1.34816))"
2025-09-19 21:38:49,GBPUSD,sell,"(np.float64(1.34679), np.float64(1.34689))",,"(np.float64(1.34747), np.float64(1.34816))"
2025-09-19 21:38:54,GBPUSD,sell,"(np.float64(1.34679), np.float64(1.34689))",,"(np.float64(1.34747), np.float64(1.34816))"
2025-09-19 21:38:59,GBPUSD,sell,"(np.float64(1.34679), np.float64(1.34689))",,"(np.float64(1.34747), np.float64(1.34816))"
2025-09-19 21:39:04,GBPUSD,sell,"(np.float64(1.34679), np.float64(1.34689))",,"(np.float64(1.34747), np.float64(1.34816))"
2025-09-19 21:39:09,GBPUSD,sell,"(np.float64(1.34679), np.float64(1.34689))",,"(np.float64(1.34747), np.float64(1.34816))"
2025-09-19 21:39:14,GBPUSD,sell,"(np.float64(1.34679), np.float64(1.34689))",,"(np.float64(1.34747), np.float64(1.34816))"
2025-09-19 21:39:19,GBPUSD,sell,"(np.float64(1.34679), np.float64(1.34689))",,"(np.float64(1.34747), np.float64(1.34816))"
2025-09-19 21:39:24,GBPUSD,sell,"(np.float64(1.34679), np.float64(1.34689))",,"(np.float64(1.34747), np.float64(1.34816))"
2025-09-19 21:39:29,GBPUSD,sell,"(np.float64(1.34679), np.float64(1.34689))",,"(np.float64(1.34747), np.float64(1.34816))"
2025-09-19 21:39:34,GBPUSD,sell,"(np.float64(1.34679), np.float64(1.34689))",,"(np.float64(1.34747), np.float64(1.34816))"
2025-09-19 21:39:39,GBPUSD,sell,"(np.float64(1.34679), np.float64(1.34689))",,"(np.float64(1.34747), np.float64(1.34816))"
2025-09-19 21:39:44,GBPUSD,sell,"(np.float64(1.34679), np.float64(1.34689))",,"(np.float64(1.34747), np.float64(1.34816))"
2025-09-19 21:39:50,GBPUSD,sell,"(np.float64(1.34679), np.float64(1.34689))",,"(np.float64(1.34747), np.float64(1.34816))"
2025-09-19 21:39:55,GBPUSD,sell,"(np.float64(1.34679), np.float64(1.34689))",,"(np.float64(1.34747), np.float64(1.34816))"
2025-09-19 21:40:00,GBPUSD,sell,"(np.float64(1.34679), np.float64(1.34689))",,"(np.float64(1.34747), np.float64(1.34816))"
2025-09-19 21:40:05,GBPUSD,sell,"(np.float64(1.34679), np.float64(1.34689))",,"(np.float64(1.34747), np.float64(1.34816))"
2025-09-19 21:40:10,GBPUSD,sell,"(np.float64(1.34679), np.float64(1.34689))",,"(np.float64(1.34747), np.float64(1.34816))"
2025-09-19 21:40:15,GBPUSD,sell,"(np.float64(1.34679), np.float64(1.34689))",,"(np.float64(1.34747), np.float64(1.34816))"
2025-09-19 21:40:20,GBPUSD,sell,"(np.float64(1.34679), np.float64(1.34689))",,"(np.float64(1.34747), np.float64(1.34816))"
2025-09-19 21:40:25,GBPUSD,sell,"(np.float64(1.34679), np.float64(1.34689))",,"(np.float64(1.34747), np.float64(1.34816))"
2025-09-19 21:40:30,GBPUSD,sell,"(np.float64(1.34679), np.float64(1.34689))",,"(np.float64(1.34747), np.float64(1.34816))"
2025-09-19 21:40:35,GBPUSD,sell,"(np.float64(1.34679), np.float64(1.34689))",,"(np.float64(1.34747), np.float64(1.34816))"
2025-09-19 21:40:40,GBPUSD,sell,"(np.float64(1.34679), np.float64(1.34689))",,"(np.float64(1.34747), np.float64(1.34816))"
2025-09-19 21:40:45,GBPUSD,sell,"(np.float64(1.34679), np.float64(1.34689))",,"(np.float64(1.34747), np.float64(1.34816))"
2025-09-19 21:40:50,GBPUSD,sell,"(np.float64(1.34679), np.float64(1.34689))",,"(np.float64(1.34747), np.float64(1.34816))"
2025-09-19 21:40:55,GBPUSD,sell,"(np.float64(1.34679), np.float64(1.34689))",,"(np.float64(1.34747), np.float64(1.34816))"
2025-09-19 21:41:00,GBPUSD,sell,"(np.float64(1.34679), np.float64(1.34689))",,"(np.float64(1.34747), np.float64(1.34816))"
2025-09-19 21:41:05,GBPUSD,sell,"(np.float64(1.34679), np.float64(1.34689))",,"(np.float64(1.34747), np.float64(1.34816))"
2025-09-19 21:41:10,GBPUSD,sell,"(np.float64(1.34679), np.float64(1.34689))",,"(np.float64(1.34747), np.float64(1.34816))"
2025-09-19 21:41:13,GBPUSD,sell,1.3468,1.34695,1.3465
2025-09-19 21:41:18,GBPUSD,buy,"(np.float64(1.34679), np.float64(1.34689))",,"(np.float64(1.34674), np.float64(1.34706))"
2025-09-19 21:41:24,GBPUSD,buy,"(np.float64(1.34679), np.float64(1.34689))",,"(np.float64(1.34674), np.float64(1.34706))"
2025-09-19 21:41:30,GBPUSD,buy,"(np.float64(1.34679), np.float64(1.34689))",,"(np.float64(1.34674), np.float64(1.34706))"
2025-09-19 21:41:37,GBPUSD,buy,"(np.float64(1.34679), np.float64(1.34689))",,"(np.float64(1.34674), np.float64(1.34706))"
2025-09-19 21:41:42,GBPUSD,buy,"(np.float64(1.34679), np.float64(1.34689))",,"(np.float64(1.34674), np.float64(1.34706))"
2025-09-19 21:41:47,GBPUSD,buy,"(np.float64(1.34679), np.float64(1.34689))",,"(np.float64(1.34674), np.float64(1.34706))"
2025-09-19 21:41:53,GBPUSD,buy,"(np.float64(1.34679), np.float64(1.34689))",,"(np.float64(1.34674), np.float64(1.34706))"
2025-09-19 21:41:58,GBPUSD,buy,"(np.float64(1.34679), np.float64(1.34689))",,"(np.float64(1.34674), np.float64(1.34706))"
2025-09-19 21:42:03,GBPUSD,buy,"(np.float64(1.34679), np.float64(1.34689))",,"(np.float64(1.34674), np.float64(1.34706))"
2025-09-19 21:42:08,GBPUSD,buy,"(np.float64(1.34679), np.float64(1.34689))",,"(np.float64(1.34674), np.float64(1.34706))"
2025-09-19 21:42:14,GBPUSD,buy,"(np.float64(1.34679), np.float64(1.34689))",,"(np.float64(1.34674), np.float64(1.34706))"
2025-09-19 21:42:18,GBPUSD,buy,1.34686,1.3467099999999999,1.34716
2025-09-19 21:42:23,GBPUSD,buy,"(np.float64(1.34679), np.float64(1.34689))",,"(np.float64(1.34674), np.float64(1.34706))"
2025-09-19 21:42:29,GBPUSD,buy,"(np.float64(1.34679), np.float64(1.34689))",,"(np.float64(1.34674), np.float64(1.34706))"
2025-09-19 21:42:34,GBPUSD,buy,"(np.float64(1.34679), np.float64(1.34689))",,"(np.float64(1.34674), np.float64(1.34706))"
2025-09-19 21:42:39,GBPUSD,buy,"(np.float64(1.34679), np.float64(1.34689))",,"(np.float64(1.34674), np.float64(1.34706))"
2025-09-19 21:42:44,GBPUSD,buy,"(np.float64(1.34679), np.float64(1.34689))",,"(np.float64(1.34674), np.float64(1.34706))"
2025-09-19 21:42:49,GBPUSD,buy,"(np.float64(1.34679), np.float64(1.34689))",,"(np.float64(1.34674), np.float64(1.34706))"
2025-09-19 21:42:54,GBPUSD,buy,"(np.float64(1.34679), np.float64(1.34689))",,"(np.float64(1.34674), np.float64(1.34706))"
2025-09-19 21:42:59,GBPUSD,buy,"(np.float64(1.34679), np.float64(1.34689))",,"(np.float64(1.34674), np.float64(1.34706))"
2025-09-19 21:43:04,GBPUSD,buy,"(np.float64(1.34679), np.float64(1.34689))",,"(np.float64(1.34674), np.float64(1.34706))"
2025-09-19 21:43:09,GBPUSD,buy,"(np.float64(1.34679), np.float64(1.34689))",,"(np.float64(1.34674), np.float64(1.34706))"
2025-09-19 21:43:14,GBPUSD,buy,"(np.float64(1.34679), np.float64(1.34689))",,"(np.float64(1.34674), np.float64(1.34706))"
2025-09-19 21:43:15,GBPUSD,buy,1.34687,1.34672,1.34717
2025-09-19 21:43:20,GBPUSD,buy,"(np.float64(1.34679), np.float64(1.34689))",,"(np.float64(1.34674), np.float64(1.34706))"
2025-09-19 21:43:25,GBPUSD,buy,"(np.float64(1.34679), np.float64(1.34689))",,"(np.float64(1.34674), np.float64(1.34706))"
2025-09-19 21:43:30,GBPUSD,buy,"(np.float64(1.34679), np.float64(1.34689))",,"(np.float64(1.34674), np.float64(1.34706))"
2025-09-19 21:43:35,GBPUSD,buy,"(np.float64(1.34679), np.float64(1.34689))",,"(np.float64(1.34674), np.float64(1.34706))"
2025-09-19 21:43:40,GBPUSD,buy,"(np.float64(1.34679), np.float64(1.34689))",,"(np.float64(1.34674), np.float64(1.34706))"
2025-09-19 21:43:45,GBPUSD,sell,"(np.float64(1.34679), np.float64(1.34689))",,"(np.float64(1.34747), np.float64(1.34816))"
2025-09-19 21:43:50,GBPUSD,sell,"(np.float64(1.34679), np.float64(1.34689))",,"(np.float64(1.34747), np.float64(1.34816))"
2025-09-19 21:43:55,GBPUSD,sell,"(np.float64(1.34679), np.float64(1.34689))",,"(np.float64(1.34747), np.float64(1.34816))"
2025-09-19 21:44:00,GBPUSD,sell,"(np.float64(1.34679), np.float64(1.34689))",,"(np.float64(1.34747), np.float64(1.34816))"
2025-09-19 21:44:05,GBPUSD,sell,"(np.float64(1.34679), np.float64(1.34689))",,"(np.float64(1.34747), np.float64(1.34816))"
2025-09-19 21:44:10,GBPUSD,sell,"(np.float64(1.34679), np.float64(1.34689))",,"(np.float64(1.34747), np.float64(1.34816))"
2025-09-19 21:44:15,GBPUSD,sell,"(np.float64(1.34679), np.float64(1.34689))",,"(np.float64(1.34747), np.float64(1.34816))"
2025-09-19 21:44:15,GBPUSD,sell,1.34679,1.34694,1.34649
2025-09-19 21:44:20,GBPUSD,sell,"(np.float64(1.34679), np.float64(1.34689))",,"(np.float64(1.34747), np.float64(1.34816))"
2025-09-19 21:44:25,GBPUSD,buy,"(np.float64(1.34679), np.float64(1.34689))",,"(np.float64(1.34674), np.float64(1.34706))"
2025-09-19 21:44:30,GBPUSD,sell,"(np.float64(1.34679), np.float64(1.34689))",,"(np.float64(1.34747), np.float64(1.34816))"
2025-09-19 21:44:35,GBPUSD,buy,"(np.float64(1.34679), np.float64(1.34689))",,"(np.float64(1.34674), np.float64(1.34706))"
2025-09-19 21:44:40,GBPUSD,buy,"(np.float64(1.34679), np.float64(1.34689))",,"(np.float64(1.34674), np.float64(1.34706))"
2025-09-19 21:44:45,GBPUSD,sell,"(np.float64(1.34679), np.float64(1.34689))",,"(np.float64(1.34747), np.float64(1.34816))"
2025-09-19 21:44:50,GBPUSD,buy,"(np.float64(1.34679), np.float64(1.34689))",,"(np.float64(1.34674), np.float64(1.34706))"
2025-09-19 21:44:56,GBPUSD,buy,"(np.float64(1.34679), np.float64(1.34689))",,"(np.float64(1.34674), np.float64(1.34706))"
2025-09-19 21:45:01,GBPUSD,buy,"(np.float64(1.3468), np.float64(1.3468200000000001))",,"(np.float64(1.34674), np.float64(1.34706))"
2025-09-19 21:45:06,GBPUSD,buy,"(np.float64(1.3468), np.float64(1.3468200000000001))",,"(np.float64(1.34674), np.float64(1.34706))"
2025-09-19 21:45:11,GBPUSD,buy,"(np.float64(1.3468), np.float64(1.3468200000000001))",,"(np.float64(1.34674), np.float64(1.34706))"
2025-09-19 21:45:16,GBPUSD,buy,"(np.float64(1.3468), np.float64(1.3468200000000001))",,"(np.float64(1.34674), np.float64(1.34706))"
2025-09-19 21:45:17,GBPUSD,buy,1.34687,1.34672,1.34717
2025-09-19 21:45:22,GBPUSD,buy,"(np.float64(1.3468), np.float64(1.3468200000000001))",,"(np.float64(1.34674), np.float64(1.34706))"
2025-09-19 21:45:27,GBPUSD,buy,"(np.float64(1.3468), np.float64(1.3468200000000001))",,"(np.float64(1.34674), np.float64(1.34706))"
2025-09-19 21:45:32,GBPUSD,buy,"(np.float64(1.3468), np.float64(1.3468200000000001))",,"(np.float64(1.34674), np.float64(1.34706))"
2025-09-19 21:45:37,GBPUSD,buy,"(np.float64(1.3468), np.float64(1.3468200000000001))",,"(np.float64(1.34674), np.float64(1.34706))"
2025-09-19 21:45:42,GBPUSD,buy,"(np.float64(1.3468), np.float64(1.3468200000000001))",,"(np.float64(1.34674), np.float64(1.34706))"
2025-09-19 21:45:47,GBPUSD,buy,"(np.float64(1.3468), np.float64(1.3468200000000001))",,"(np.float64(1.34674), np.float64(1.34706))"
2025-09-19 21:45:52,GBPUSD,buy,"(np.float64(1.3468), np.float64(1.3468200000000001))",,"(np.float64(1.34674), np.float64(1.34706))"
2025-09-19 21:45:58,GBPUSD,buy,"(np.float64(1.3468), np.float64(1.3468200000000001))",,"(np.float64(1.34674), np.float64(1.34706))"
2025-09-19 21:46:03,GBPUSD,buy,"(np.float64(1.3468), np.float64(1.3468200000000001))",,"(np.float64(1.34674), np.float64(1.34706))"
2025-09-19 21:46:08,GBPUSD,buy,"(np.float64(1.3468), np.float64(1.3468200000000001))",,"(np.float64(1.34674), np.float64(1.34706))"
2025-09-19 21:59:27,GBPUSD,buy,"(np.float64(1.3468), np.float64(1.3468200000000001))",,"(np.float64(1.34674), np.float64(1.34706))"
2025-09-19 21:59:32,GBPUSD,buy,"(np.float64(1.3468), np.float64(1.3468200000000001))",,"(np.float64(1.34674), np.float64(1.34706))"
2025-09-19 21:59:37,GBPUSD,buy,"(np.float64(1.3468), np.float64(1.3468200000000001))",,"(np.float64(1.34674), np.float64(1.34706))"
2025-09-19 21:59:42,GBPUSD,buy,"(np.float64(1.3468), np.float64(1.3468200000000001))",,"(np.float64(1.34674), np.float64(1.34706))"
2025-09-19 21:59:47,GBPUSD,buy,"(np.float64(1.3468), np.float64(1.3468200000000001))",,"(np.float64(1.34674), np.float64(1.34706))"
2025-09-19 21:59:52,GBPUSD,buy,"(np.float64(1.3468), np.float64(1.3468200000000001))",,"(np.float64(1.34674), np.float64(1.34706))"
2025-09-22 17:12:02,GBPUSD,buy,"(np.float64(1.3494), np.float64(1.35037))",,"(np.float64(1.34943), np.float64(1.35058))"
2025-09-22 17:12:02,GBPUSD,buy,1.34969,1.34954,1.34999
2025-09-22 17:12:07,GBPUSD,buy,"(np.float64(1.3494), np.float64(1.35037))",,"(np.float64(1.34943), np.float64(1.35058))"
2025-09-22 17:12:12,GBPUSD,buy,"(np.float64(1.3494), np.float64(1.35037))",,"(np.float64(1.34943), np.float64(1.35058))"
2025-09-22 17:12:17,GBPUSD,buy,"(np.float64(1.3494), np.float64(1.35037))",,"(np.float64(1.34943), np.float64(1.35058))"
2025-09-22 17:12:22,GBPUSD,buy,"(np.float64(1.3494), np.float64(1.35037))",,"(np.float64(1.34943), np.float64(1.35058))"
2025-09-22 17:12:27,GBPUSD,buy,"(np.float64(1.3494), np.float64(1.35037))",,"(np.float64(1.34943), np.float64(1.35058))"
2025-09-22 17:12:32,GBPUSD,buy,"(np.float64(1.3494), np.float64(1.35037))",,"(np.float64(1.34943), np.float64(1.35058))"
2025-09-22 17:12:37,GBPUSD,buy,"(np.float64(1.3494), np.float64(1.35037))",,"(np.float64(1.34943), np.float64(1.35058))"
2025-09-22 17:12:42,GBPUSD,buy,"(np.float64(1.3494), np.float64(1.35037))",,"(np.float64(1.34943), np.float64(1.35058))"
2025-09-22 17:12:47,GBPUSD,buy,"(np.float64(1.3494), np.float64(1.35037))",,"(np.float64(1.34943), np.float64(1.35058))"
2025-09-22 17:12:52,GBPUSD,buy,"(np.float64(1.3494), np.float64(1.35037))",,"(np.float64(1.34943), np.float64(1.35058))"
2025-09-22 17:12:57,GBPUSD,buy,"(np.float64(1.3494), np.float64(1.35037))",,"(np.float64(1.34943), np.float64(1.35058))"
2025-09-22 17:13:03,GBPUSD,buy,"(np.float64(1.3494), np.float64(1.35037))",,"(np.float64(1.34943), np.float64(1.35058))"
2025-09-22 17:13:03,GBPUSD,buy,1.34965,1.3495,1.34995
2025-09-22 17:13:08,GBPUSD,buy,"(np.float64(1.3494), np.float64(1.35037))",,"(np.float64(1.34943), np.float64(1.35058))"
2025-09-22 17:13:13,GBPUSD,buy,"(np.float64(1.3494), np.float64(1.35037))",,"(np.float64(1.34943), np.float64(1.35058))"
2025-09-22 17:13:18,GBPUSD,buy,"(np.float64(1.3494), np.float64(1.35037))",,"(np.float64(1.34943), np.float64(1.35058))"
2025-09-22 17:13:23,GBPUSD,buy,"(np.float64(1.3494), np.float64(1.35037))",,"(np.float64(1.34943), np.float64(1.35058))"
2025-09-22 17:13:28,GBPUSD,buy,"(np.float64(1.3494), np.float64(1.35037))",,"(np.float64(1.34943), np.float64(1.35058))"
2025-09-22 17:13:33,GBPUSD,buy,"(np.float64(1.3494), np.float64(1.35037))",,"(np.float64(1.34943), np.float64(1.35058))"
2025-09-22 17:13:38,GBPUSD,buy,"(np.float64(1.3494), np.float64(1.35037))",,"(np.float64(1.34943), np.float64(1.35058))"
2025-09-22 17:13:43,GBPUSD,buy,"(np.float64(1.3494), np.float64(1.35037))",,"(np.float64(1.34943), np.float64(1.35058))"
2025-09-22 17:13:48,GBPUSD,buy,"(np.float64(1.3494), np.float64(1.35037))",,"(np.float64(1.34943), np.float64(1.35058))"
2025-09-22 17:13:53,GBPUSD,buy,"(np.float64(1.3494), np.float64(1.35037))",,"(np.float64(1.34943), np.float64(1.35058))"
2025-09-22 17:13:58,GBPUSD,buy,"(np.float64(1.3494), np.float64(1.35037))",,"(np.float64(1.34943), np.float64(1.35058))"
2025-09-22 17:14:03,GBPUSD,buy,"(np.float64(1.3494), np.float64(1.35037))",,"(np.float64(1.34943), np.float64(1.35058))"
2025-09-22 17:14:03,GBPUSD,buy,1.34951,1.34936,1.34981
2025-09-22 17:14:08,GBPUSD,sell,"(np.float64(1.3494), np.float64(1.35037))",,"(np.float64(1.34951), np.float64(1.35037))"
2025-09-22 17:14:13,GBPUSD,sell,"(np.float64(1.3494), np.float64(1.35037))",,"(np.float64(1.34951), np.float64(1.35037))"
2025-09-22 17:14:18,GBPUSD,sell,"(np.float64(1.3494), np.float64(1.35037))",,"(np.float64(1.34951), np.float64(1.35037))"
2025-09-22 17:14:23,GBPUSD,sell,"(np.float64(1.3494), np.float64(1.35037))",,"(np.float64(1.34951), np.float64(1.35037))"
2025-09-22 17:14:29,GBPUSD,sell,"(np.float64(1.3494), np.float64(1.35037))",,"(np.float64(1.34951), np.float64(1.35037))"
2025-09-22 17:14:34,GBPUSD,sell,"(np.float64(1.3494), np.float64(1.35037))",,"(np.float64(1.34951), np.float64(1.35037))"
2025-09-22 17:14:39,GBPUSD,sell,"(np.float64(1.3494), np.float64(1.35037))",,"(np.float64(1.34951), np.float64(1.35037))"
2025-09-22 17:14:44,GBPUSD,sell,"(np.float64(1.3494), np.float64(1.35037))",,"(np.float64(1.34951), np.float64(1.35037))"
2025-09-22 17:14:49,GBPUSD,sell,"(np.float64(1.3494), np.float64(1.35037))",,"(np.float64(1.34951), np.float64(1.35037))"
2025-09-22 17:14:54,GBPUSD,sell,"(np.float64(1.3494), np.float64(1.35037))",,"(np.float64(1.34951), np.float64(1.35037))"
2025-09-22 17:14:59,GBPUSD,sell,"(np.float64(1.3494), np.float64(1.35037))",,"(np.float64(1.34951), np.float64(1.35037))"
2025-09-22 17:15:04,GBPUSD,sell,"(np.float64(1.34927), np.float64(1.34947))",,"(np.float64(1.34951), np.float64(1.35037))"
2025-09-22 17:15:09,GBPUSD,sell,"(np.float64(1.34927), np.float64(1.34947))",,"(np.float64(1.34951), np.float64(1.35037))"
2025-09-22 17:15:14,GBPUSD,sell,"(np.float64(1.34927), np.float64(1.34947))",,"(np.float64(1.34951), np.float64(1.35037))"
2025-09-22 17:15:19,GBPUSD,sell,"(np.float64(1.34927), np.float64(1.34947))",,"(np.float64(1.34951), np.float64(1.35037))"
2025-09-22 17:15:24,GBPUSD,sell,"(np.float64(1.34927), np.float64(1.34947))",,"(np.float64(1.34951), np.float64(1.35037))"
2025-09-22 17:15:29,GBPUSD,buy,"(np.float64(1.34927), np.float64(1.34947))",,"(np.float64(1.3492600000000001), np.float64(1.34986))"
2025-09-22 17:15:29,GBPUSD,buy,1.34945,1.3493,1.34975
2025-09-22 17:15:34,GBPUSD,buy,"(np.float64(1.34927), np.float64(1.34947))",,"(np.float64(1.3492600000000001), np.float64(1.34986))"
2025-09-22 17:15:39,GBPUSD,buy,"(np.float64(1.34927), np.float64(1.34947))",,"(np.float64(1.3492600000000001), np.float64(1.34986))"
2025-09-22 17:15:44,GBPUSD,sell,"(np.float64(1.34927), np.float64(1.34947))",,"(np.float64(1.34951), np.float64(1.35037))"
2025-09-22 17:15:49,GBPUSD,sell,"(np.float64(1.34927), np.float64(1.34947))",,"(np.float64(1.34951), np.float64(1.35037))"
2025-09-22 17:15:54,GBPUSD,sell,"(np.float64(1.34927), np.float64(1.34947))",,"(np.float64(1.34951), np.float64(1.35037))"
2025-09-22 17:15:59,GBPUSD,buy,"(np.float64(1.34927), np.float64(1.34947))",,"(np.float64(1.3492600000000001), np.float64(1.34986))"
2025-09-22 17:33:07,GBPUSD,buy,,,,1.3494,1.35021,,,1.34926,1.34986,detection
2025-09-22 17:33:12,GBPUSD,buy,,,,1.3494,1.35022,,,1.34926,1.34986,detection
2025-09-22 17:33:17,GBPUSD,buy,,,,1.3494,1.35022,,,1.34926,1.34986,detection
2025-09-22 17:33:22,GBPUSD,buy,,,,1.3494,1.35022,,,1.34926,1.34986,detection
2025-09-22 17:33:27,GBPUSD,buy,,,,1.3494,1.35022,,,1.34926,1.34986,detection
2025-09-22 17:33:32,GBPUSD,buy,,,,1.3494,1.35022,,,1.34926,1.34986,detection
2025-09-22 17:33:37,GBPUSD,buy,,,,1.3494,1.35022,,,1.34926,1.34986,detection
2025-09-22 17:33:42,GBPUSD,buy,,,,1.3494,1.35022,,,1.34926,1.34986,detection
2025-09-22 17:33:47,GBPUSD,buy,,,,1.3494,1.35022,,,1.34926,1.34986,detection
2025-09-22 17:33:52,GBPUSD,buy,,,,1.3494,1.35022,,,1.34926,1.34986,detection
2025-09-22 17:33:58,GBPUSD,buy,,,,1.3494,1.35022,,,1.34926,1.34986,detection
2025-09-22 17:34:03,GBPUSD,buy,,,,1.3494,1.35022,,,1.34926,1.34986,detection
2025-09-22 17:34:08,GBPUSD,buy,,,,1.3494,1.35022,,,1.34926,1.34986,detection
2025-09-22 17:34:13,GBPUSD,buy,,,,1.3494,1.35022,,,1.34926,1.34986,detection
2025-09-22 17:34:18,GBPUSD,buy,,,,1.3494,1.35022,,,1.34926,1.34986,detection
2025-09-22 17:34:23,GBPUSD,buy,,,,1.3494,1.35022,,,1.34926,1.34986,detection
2025-09-22 17:34:28,GBPUSD,buy,,,,1.3494,1.35022,,,1.34926,1.34986,detection
2025-09-22 17:37:38,GBPUSD,buy,,,,1.3494,1.35016,,,1.34926,1.34986,detection
2025-09-22 17:37:43,GBPUSD,buy,,,,1.3494,1.35018,,,1.34926,1.34986,detection
2025-09-22 17:37:49,GBPUSD,buy,,,,1.3494,1.35022,,,1.34926,1.34986,detection
2025-09-22 17:37:54,GBPUSD,buy,,,,1.3494,1.35019,,,1.34926,1.34986,detection
2025-09-22 17:37:59,GBPUSD,buy,,,,1.3494,1.35016,,,1.34926,1.34986,detection
2025-09-22 17:38:04,GBPUSD,buy,,,,1.3494,1.3501,,,1.34926,1.34986,detection
2025-09-22 17:38:09,GBPUSD,buy,,,,1.3494,1.3501,,,1.34926,1.34986,detection
2025-09-22 17:38:14,GBPUSD,buy,,,,1.3494,1.35017,,,1.34926,1.34986,detection
2025-09-22 17:38:19,GBPUSD,buy,,,,1.3494,1.35017,,,1.34926,1.34986,detection
2025-09-22 17:38:24,GBPUSD,buy,,,,1.3494,1.35022,,,1.34926,1.34986,detection
2025-09-22 17:38:29,GBPUSD,buy,,,,1.3494,1.35011,,,1.34926,1.34986,detection
2025-09-22 17:38:34,GBPUSD,buy,,,,1.3494,1.35018,,,1.34926,1.34986,detection
2025-09-22 17:38:39,GBPUSD,buy,,,,1.3494,1.35022,,,1.34926,1.34986,detection
2025-09-22 17:38:44,GBPUSD,buy,,,,1.3494,1.35022,,,1.34926,1.34986,detection
2025-09-22 17:38:49,GBPUSD,buy,,,,1.3494,1.35021,,,1.34926,1.34986,detection
2025-09-22 17:38:54,GBPUSD,buy,,,,1.3494,1.35022,,,1.34926,1.34986,detection
2025-09-22 17:38:59,GBPUSD,buy,,,,1.3494,1.35022,,,1.34926,1.34986,detection
2025-09-22 17:39:04,GBPUSD,buy,,,,1.3494,1.35022,,,1.34926,1.34986,detection
2025-09-22 17:39:09,GBPUSD,buy,,,,1.3494,1.3502,,,1.34926,1.34986,detection
2025-09-22 17:39:14,GBPUSD,buy,,,,1.3494,1.35015,,,1.34926,1.34986,detection
2025-09-22 17:39:19,GBPUSD,buy,,,,1.3494,1.35015,,,1.34926,1.34986,detection
2025-09-22 17:39:24,GBPUSD,buy,,,,1.3494,1.35022,,,1.34926,1.34986,detection
2025-09-22 17:39:29,GBPUSD,buy,,,,1.3494,1.35022,,,1.34926,1.34986,detection
2025-09-22 17:39:34,GBPUSD,buy,,,,1.3494,1.35022,,,1.34926,1.34986,detection
2025-09-22 17:39:39,GBPUSD,buy,,,,1.3494,1.35022,,,1.34926,1.34986,detection
2025-09-22 17:39:44,GBPUSD,buy,,,,1.3494,1.35022,,,1.34926,1.34986,detection
2025-09-22 17:39:49,GBPUSD,buy,,,,1.3494,1.35022,,,1.34926,1.34986,detection
2025-09-22 17:39:54,GBPUSD,buy,,,,1.3494,1.35022,,,1.34926,1.34986,detection
2025-09-22 17:39:59,GBPUSD,buy,,,,1.3494,1.35022,,,1.34926,1.34986,detection
2025-09-22 17:40:04,GBPUSD,buy,,,,1.3494,1.35022,,,1.34926,1.34986,detection
2025-09-22 17:40:09,GBPUSD,buy,,,,1.3494,1.35022,,,1.34926,1.34986,detection
2025-09-22 17:40:14,GBPUSD,buy,,,,1.3494,1.35022,,,1.34926,1.34986,detection
2025-09-22 17:40:19,GBPUSD,buy,,,,1.3494,1.35022,,,1.34926,1.34986,detection
2025-09-22 17:40:24,GBPUSD,buy,,,,1.3494,1.35022,,,1.34926,1.34986,detection
2025-09-22 17:40:29,GBPUSD,buy,,,,1.3494,1.35022,,,1.34926,1.34986,detection
2025-09-22 17:40:34,GBPUSD,buy,,,,1.3494,1.35022,,,1.34926,1.34986,detection
2025-09-22 17:40:39,GBPUSD,buy,,,,1.3494,1.35022,,,1.34926,1.34986,detection
2025-09-22 17:40:44,GBPUSD,buy,,,,1.3494,1.35022,,,1.34926,1.34986,detection
2025-09-22 17:40:49,GBPUSD,buy,,,,1.3494,1.35022,,,1.34926,1.34986,detection
2025-09-22 17:40:55,GBPUSD,buy,,,,1.3494,1.35022,,,1.34926,1.34986,detection
2025-09-22 17:41:00,GBPUSD,buy,,,,1.3494,1.35022,,,1.34926,1.34986,detection
2025-09-22 17:41:05,GBPUSD,buy,,,,1.3494,1.35022,,,1.34926,1.34986,detection
2025-09-22 17:41:10,GBPUSD,buy,,,,1.3494,1.35022,,,1.34926,1.34986,detection
2025-09-22 17:41:15,GBPUSD,buy,,,,1.3494,1.35022,,,1.34926,1.34986,detection
2025-09-22 17:41:20,GBPUSD,buy,,,,1.3494,1.35022,,,1.34926,1.34986,detection
2025-09-22 17:41:25,GBPUSD,buy,,,,1.3494,1.35022,,,1.34926,1.34986,detection
2025-09-22 17:41:30,GBPUSD,buy,,,,1.3494,1.35022,,,1.34926,1.34986,detection
2025-09-22 17:41:35,GBPUSD,buy,,,,1.3494,1.35022,,,1.34926,1.34986,detection
2025-09-22 17:41:40,GBPUSD,buy,,,,1.3494,1.35022,,,1.34926,1.34986,detection
2025-09-22 17:41:45,GBPUSD,buy,,,,1.3494,1.35022,,,1.34926,1.34986,detection
2025-09-22 17:41:50,GBPUSD,buy,,,,1.3494,1.35022,,,1.34926,1.34986,detection
2025-09-22 17:41:55,GBPUSD,buy,,,,1.3494,1.35022,,,1.34926,1.34986,detection
2025-09-22 17:42:00,GBPUSD,buy,,,,1.3494,1.35022,,,1.34926,1.34986,detection
2025-09-22 17:42:05,GBPUSD,buy,,,,1.3494,1.35022,,,1.34926,1.34986,detection
2025-09-22 17:42:10,GBPUSD,buy,,,,1.3494,1.35022,,,1.34926,1.34986,detection
2025-09-22 17:42:15,GBPUSD,buy,,,,1.3494,1.35022,,,1.34926,1.34986,detection
2025-09-22 17:42:20,GBPUSD,buy,,,,1.3494,1.35022,,,1.34926,1.34986,detection
2025-09-22 17:42:26,GBPUSD,buy,,,,1.3494,1.35022,,,1.34926,1.34986,detection
2025-09-22 17:42:31,GBPUSD,buy,,,,1.3494,1.35022,,,1.34926,1.34986,detection
2025-09-22 17:42:36,GBPUSD,buy,,,,1.3494,1.35022,,,1.34926,1.34986,detection
2025-09-22 17:42:41,GBPUSD,buy,,,,1.3494,1.35022,,,1.34926,1.34986,detection
2025-09-22 17:42:46,GBPUSD,buy,,,,1.3494,1.35022,,,1.34926,1.34986,detection
2025-09-22 17:42:51,GBPUSD,buy,,,,1.3494,1.35022,,,1.34926,1.34986,detection
2025-09-22 17:42:56,GBPUSD,buy,,,,1.3494,1.35022,,,1.34926,1.34986,detection
2025-09-22 17:43:01,GBPUSD,buy,,,,1.3494,1.35022,,,1.34926,1.34986,detection
2025-09-22 17:43:06,GBPUSD,buy,,,,1.3494,1.35022,,,1.34926,1.34986,detection
2025-09-22 17:43:11,GBPUSD,buy,,,,1.3494,1.35022,,,1.34926,1.34986,detection
2025-09-22 17:43:16,GBPUSD,buy,,,,1.3494,1.35022,,,1.34926,1.34986,detection
2025-09-22 17:43:22,GBPUSD,buy,,,,1.3494,1.35022,,,1.34926,1.34986,detection
2025-09-22 17:43:27,GBPUSD,buy,,,,1.3494,1.35022,,,1.34926,1.34986,detection
2025-09-22 17:43:32,GBPUSD,buy,,,,1.3494,1.35022,,,1.34926,1.34986,detection
2025-09-22 17:43:37,GBPUSD,buy,,,,1.3494,1.35022,,,1.34926,1.34986,detection
2025-09-22 17:43:42,GBPUSD,buy,,,,1.3494,1.35022,,,1.34926,1.34986,detection
2025-09-22 17:43:47,GBPUSD,buy,,,,1.3494,1.35022,,,1.34926,1.34986,detection
2025-09-22 17:43:52,GBPUSD,buy,,,,1.3494,1.35022,,,1.34926,1.34986,detection
2025-09-22 17:43:57,GBPUSD,buy,,,,1.3494,1.35022,,,1.34926,1.34986,detection
2025-09-22 17:44:02,GBPUSD,buy,,,,1.3494,1.35022,,,1.34926,1.34986,detection
2025-09-22 17:44:07,GBPUSD,buy,,,,1.3494,1.35022,,,1.34926,1.34986,detection
2025-09-22 17:44:12,GBPUSD,buy,,,,1.3494,1.35022,,,1.34926,1.34986,detection
2025-09-22 17:44:17,GBPUSD,buy,,,,1.3494,1.35022,,,1.34926,1.34986,detection
2025-09-22 17:44:22,GBPUSD,buy,,,,1.3494,1.35022,,,1.34926,1.34986,detection
2025-09-22 17:44:27,GBPUSD,buy,,,,1.3494,1.35022,,,1.34926,1.34986,detection
2025-09-22 17:44:32,GBPUSD,buy,,,,1.3494,1.35022,,,1.34926,1.34986,detection
2025-09-22 17:44:37,GBPUSD,buy,,,,1.3494,1.35022,,,1.34926,1.34986,detection
2025-09-22 17:44:42,GBPUSD,buy,,,,1.3494,1.35022,,,1.34926,1.34986,detection
2025-09-22 17:44:47,GBPUSD,buy,,,,1.3494,1.35022,,,1.34926,1.34986,detection
2025-09-22 17:44:52,GBPUSD,buy,,,,1.3494,1.35022,,,1.34926,1.34986,detection
2025-09-22 17:44:57,GBPUSD,buy,,,,1.3494,1.35022,,,1.34926,1.34986,detection
2025-09-22 17:45:02,GBPUSD,buy,,,,1.3494,1.35022,,,1.34926,1.34986,detection
2025-09-22 17:45:07,GBPUSD,buy,,,,1.3494,1.35022,,,1.34926,1.34986,detection
2025-09-22 17:45:12,GBPUSD,buy,,,,1.3494,1.35022,,,1.34926,1.34986,detection
2025-09-22 17:45:17,GBPUSD,buy,,,,1.3494,1.35022,,,1.34926,1.34986,detection
2025-09-22 17:45:22,GBPUSD,buy,,,,1.3494,1.35022,,,1.34926,1.34986,detection
2025-09-22 17:45:28,GBPUSD,buy,,,,1.3494,1.35022,,,1.34926,1.34986,detection
2025-09-22 17:45:33,GBPUSD,buy,,,,1.3494,1.35022,,,1.34926,1.34986,detection
2025-09-22 17:45:38,GBPUSD,buy,,,,1.3494,1.35022,,,1.34926,1.34986,detection
2025-09-22 17:45:43,GBPUSD,buy,,,,1.3494,1.35022,,,1.34926,1.34986,detection
2025-09-22 17:45:48,GBPUSD,buy,,,,1.3494,1.35022,,,1.34926,1.34986,detection
2025-09-22 17:45:53,GBPUSD,buy,,,,1.3494,1.35022,,,1.34926,1.34986,detection
2025-09-22 17:45:58,GBPUSD,buy,,,,1.3494,1.35022,,,1.34926,1.34986,detection
2025-09-22 17:46:03,GBPUSD,buy,,,,1.3494,1.35022,,,1.34926,1.34986,detection
2025-09-22 17:46:08,GBPUSD,buy,,,,1.3494,1.35022,,,1.34926,1.34986,detection
2025-09-22 17:46:13,GBPUSD,buy,,,,1.3494,1.35022,,,1.34926,1.34986,detection
2025-09-22 17:46:18,GBPUSD,buy,,,,1.3494,1.35022,,,1.34926,1.34986,detection
2025-09-22 17:46:23,GBPUSD,buy,,,,1.3494,1.35022,,,1.34926,1.34986,detection
2025-09-22 17:46:28,GBPUSD,buy,,,,1.3494,1.35022,,,1.34926,1.34986,detection
2025-09-22 17:46:33,GBPUSD,buy,,,,1.3494,1.35022,,,1.34926,1.34986,detection
2025-09-22 17:46:38,GBPUSD,buy,,,,1.3494,1.35022,,,1.34926,1.34986,detection
2025-09-22 17:46:43,GBPUSD,buy,,,,1.3494,1.35022,,,1.34926,1.34986,detection
2025-09-22 17:46:48,GBPUSD,buy,,,,1.3494,1.35022,,,1.34926,1.34986,detection
2025-09-22 17:46:53,GBPUSD,buy,,,,1.3494,1.35022,,,1.34926,1.34986,detection
2025-09-22 17:46:59,GBPUSD,buy,,,,1.3494,1.35022,,,1.34926,1.34986,detection
2025-09-22 17:47:04,GBPUSD,buy,,,,1.3494,1.35022,,,1.34926,1.34986,detection
2025-09-22 17:47:09,GBPUSD,buy,,,,1.3494,1.35022,,,1.34926,1.34986,detection
2025-09-22 17:47:14,GBPUSD,buy,,,,1.3494,1.35022,,,1.34926,1.34986,detection
2025-09-22 17:47:19,GBPUSD,buy,,,,1.3494,1.35022,,,1.34926,1.34986,detection
2025-09-22 17:47:24,GBPUSD,buy,,,,1.3494,1.35022,,,1.34926,1.34986,detection
2025-09-22 17:47:29,GBPUSD,buy,,,,1.3494,1.35022,,,1.34926,1.34986,detection
2025-09-22 17:47:34,GBPUSD,buy,,,,1.3494,1.35022,,,1.34926,1.34986,detection
2025-09-22 17:47:39,GBPUSD,buy,,,,1.3494,1.35022,,,1.34926,1.34986,detection
2025-09-22 17:47:44,GBPUSD,buy,,,,1.3494,1.35004,,,1.34926,1.34986,detection
2025-09-22 17:47:49,GBPUSD,sell,,,,1.3494,1.35004,,,1.34921,1.35035,detection
2025-09-22 17:47:49,GBPUSD,sell,1.35016,1.35166,1.34716,,,,,,,failed_10030
2025-09-22 17:47:49,GBPUSD,sell,0.0,,,1.3494,1.35004,,,1.34921,1.35035,order_attempt
2025-09-22 17:47:54,GBPUSD,sell,,,,1.3494,1.35004,,,1.34921,1.35035,detection
2025-09-22 17:47:59,GBPUSD,sell,,,,1.3494,1.35004,,,1.34921,1.35035,detection
2025-09-22 17:48:04,GBPUSD,sell,,,,1.3494,1.35004,,,1.34921,1.35035,detection
2025-09-22 17:48:09,GBPUSD,sell,,,,1.3494,1.35004,,,1.34921,1.35035,detection
2025-09-22 17:48:14,GBPUSD,sell,,,,1.3494,1.35004,,,1.34921,1.35035,detection
2025-09-22 17:48:19,GBPUSD,sell,,,,1.3494,1.35004,,,1.34921,1.35035,detection
2025-09-22 17:48:24,GBPUSD,sell,,,,1.3494,1.35004,,,1.34921,1.35035,detection
2025-09-22 17:48:29,GBPUSD,sell,,,,1.3494,1.35004,,,1.34921,1.35035,detection
2025-09-22 17:48:34,GBPUSD,sell,,,,1.3494,1.35004,,,1.34921,1.35035,detection
2025-09-22 17:48:39,GBPUSD,sell,,,,1.3494,1.35004,,,1.34921,1.35035,detection
2025-09-22 17:48:45,GBPUSD,sell,,,,1.3494,1.35004,,,1.34921,1.35035,detection
2025-09-22 17:48:50,GBPUSD,sell,,,,1.3494,1.35004,,,1.34921,1.35035,detection
2025-09-22 17:48:55,GBPUSD,sell,,,,1.3494,1.35004,,,1.34921,1.35035,detection
2025-09-22 17:48:55,GBPUSD,sell,1.35023,1.35173,1.34723,,,,,,,failed_10030
2025-09-22 17:48:55,GBPUSD,sell,0.0,,,1.3494,1.35004,,,1.34921,1.35035,order_attempt
2025-09-22 17:49:00,GBPUSD,sell,,,,1.3494,1.35004,,,1.34921,1.35035,detection
2025-09-22 17:49:05,GBPUSD,sell,,,,1.3494,1.35004,,,1.34921,1.35035,detection
2025-09-22 17:49:10,GBPUSD,sell,,,,1.3494,1.35004,,,1.34921,1.35035,detection
2025-09-22 17:49:15,GBPUSD,sell,,,,1.3494,1.35004,,,1.34921,1.35035,detection
2025-09-22 17:49:20,GBPUSD,sell,,,,1.3494,1.35004,,,1.34921,1.35035,detection
2025-09-22 17:49:25,GBPUSD,sell,,,,1.3494,1.35004,,,1.34921,1.35035,detection
2025-09-22 17:49:30,GBPUSD,sell,,,,1.3494,1.35004,,,1.34921,1.35035,detection
2025-09-22 17:49:35,GBPUSD,sell,,,,1.3494,1.35004,,,1.34921,1.35035,detection
2025-09-22 17:49:40,GBPUSD,sell,,,,1.3494,1.35004,,,1.34921,1.35035,detection
2025-09-22 17:49:45,GBPUSD,sell,,,,1.3494,1.35004,,,1.34921,1.35035,detection
2025-09-22 17:49:50,GBPUSD,sell,,,,1.3494,1.35004,,,1.34921,1.35035,detection
2025-09-22 17:49:55,GBPUSD,sell,,,,1.3494,1.35004,,,1.34921,1.35035,detection
2025-09-22 17:49:55,GBPUSD,sell,1.3502399999999999,1.35174,1.34724,,,,,,,failed_10030
2025-09-22 17:49:55,GBPUSD,sell,0.0,,,1.3494,1.35004,,,1.34921,1.35035,order_attempt
2025-09-22 17:50:00,GBPUSD,sell,,,,1.3494,1.35004,,,1.34921,1.35035,detection
2025-09-22 17:50:05,GBPUSD,sell,,,,1.3494,1.35004,,,1.34921,1.35035,detection
2025-09-22 17:50:10,GBPUSD,sell,,,,1.3494,1.35004,,,1.34921,1.35035,detection
2025-09-22 17:50:15,GBPUSD,sell,,,,1.3494,1.35004,,,1.34921,1.35035,detection
2025-09-22 17:50:20,GBPUSD,sell,,,,1.3494,1.35004,,,1.34921,1.35035,detection
2025-09-22 17:50:25,GBPUSD,sell,,,,1.3494,1.35004,,,1.34921,1.35035,detection
2025-09-22 17:50:31,GBPUSD,sell,,,,1.3494,1.35004,,,1.34921,1.35035,detection
2025-09-22 17:50:36,GBPUSD,sell,,,,1.3494,1.35004,,,1.34921,1.35035,detection
2025-09-22 17:50:41,GBPUSD,sell,,,,1.3494,1.35004,,,1.34921,1.35035,detection
2025-09-22 17:50:46,GBPUSD,sell,,,,1.3494,1.35004,,,1.34921,1.35035,detection
2025-09-22 17:50:51,GBPUSD,sell,,,,1.3494,1.35004,,,1.34921,1.35035,detection
2025-09-22 17:50:56,GBPUSD,sell,,,,1.3494,1.35004,,,1.34921,1.35035,detection
2025-09-22 17:50:56,GBPUSD,sell,1.3501699999999999,1.35167,1.34717,,,,,,,failed_10030
2025-09-22 17:50:56,GBPUSD,sell,0.0,,,1.3494,1.35004,,,1.34921,1.35035,order_attempt
2025-09-22 17:51:01,GBPUSD,sell,,,,1.3494,1.35004,,,1.34921,1.35035,detection
2025-09-22 17:51:06,GBPUSD,sell,,,,1.3494,1.35004,,,1.34921,1.35035,detection
2025-09-22 17:51:11,GBPUSD,sell,,,,1.3494,1.35004,,,1.34921,1.35035,detection
2025-09-22 17:51:16,GBPUSD,sell,,,,1.3494,1.35004,,,1.34921,1.35035,detection
2025-09-22 17:51:21,GBPUSD,sell,,,,1.3494,1.35004,,,1.34921,1.35035,detection
2025-09-22 17:51:26,GBPUSD,sell,,,,1.3494,1.35004,,,1.34921,1.35035,detection
2025-09-22 17:51:31,GBPUSD,sell,,,,1.3494,1.35004,,,1.34921,1.35035,detection
2025-09-22 17:51:36,GBPUSD,sell,,,,1.3494,1.35004,,,1.34921,1.35035,detection
2025-09-22 17:51:41,GBPUSD,sell,,,,1.3494,1.35004,,,1.34921,1.35035,detection
2025-09-22 17:51:46,GBPUSD,sell,,,,1.3494,1.35004,,,1.34921,1.35035,detection
2025-09-22 17:51:51,GBPUSD,sell,,,,1.3494,1.35004,,,1.34921,1.35035,detection
2025-09-22 17:51:56,GBPUSD,sell,,,,1.3494,1.35004,,,1.34921,1.35035,detection
2025-09-22 17:51:56,GBPUSD,sell,1.35015,1.35165,1.34715,,,,,,,failed_10030
2025-09-22 17:51:56,GBPUSD,sell,0.0,,,1.3494,1.35004,,,1.34921,1.35035,order_attempt
2025-09-22 17:52:01,GBPUSD,sell,,,,1.3494,1.35004,,,1.34921,1.35035,detection
2025-09-22 17:52:06,GBPUSD,sell,,,,1.3494,1.35004,,,1.34921,1.35035,detection
2025-09-22 17:52:12,GBPUSD,sell,,,,1.3494,1.35004,,,1.34921,1.35035,detection
2025-09-22 17:52:17,GBPUSD,sell,,,,1.3494,1.35004,,,1.34921,1.35035,detection
2025-09-22 17:52:22,GBPUSD,sell,,,,1.3494,1.35004,,,1.34921,1.35035,detection
2025-09-22 17:52:27,GBPUSD,sell,,,,1.3494,1.35004,,,1.34921,1.35035,detection
2025-09-22 17:52:32,GBPUSD,sell,,,,1.3494,1.35004,,,1.34921,1.35035,detection
2025-09-22 17:52:37,GBPUSD,sell,,,,1.3494,1.35004,,,1.34921,1.35035,detection
2025-09-22 17:52:42,GBPUSD,sell,,,,1.3494,1.35004,,,1.34921,1.35035,detection
2025-09-22 17:52:47,GBPUSD,sell,,,,1.3494,1.35004,,,1.34921,1.35035,detection
2025-09-22 17:52:52,GBPUSD,sell,,,,1.3494,1.35004,,,1.34921,1.35035,detection
2025-09-22 17:52:57,GBPUSD,sell,,,,1.3494,1.35004,,,1.34921,1.35035,detection
2025-09-22 17:52:57,GBPUSD,sell,1.35005,1.35155,1.34705,,,,,,,failed_10030
2025-09-22 17:52:57,GBPUSD,sell,0.0,,,1.3494,1.35004,,,1.34921,1.35035,order_attempt
2025-09-22 17:53:02,GBPUSD,sell,,,,1.3494,1.35004,,,1.34921,1.35035,detection
2025-09-22 17:53:07,GBPUSD,sell,,,,1.3494,1.35004,,,1.34921,1.35035,detection
2025-09-22 17:53:12,GBPUSD,sell,,,,1.3494,1.35004,,,1.34921,1.35035,detection
2025-09-22 17:53:17,GBPUSD,sell,,,,1.3494,1.35004,,,1.34921,1.35035,detection
2025-09-22 17:53:22,GBPUSD,sell,,,,1.3494,1.35004,,,1.34921,1.35035,detection
2025-09-22 17:53:27,GBPUSD,sell,,,,1.3494,1.35004,,,1.34921,1.35035,detection
2025-09-22 17:53:33,GBPUSD,sell,,,,1.3494,1.35004,,,1.34921,1.35035,detection
2025-09-22 17:53:38,GBPUSD,sell,,,,1.3494,1.35004,,,1.34921,1.35035,detection
2025-09-22 17:53:43,GBPUSD,sell,,,,1.3494,1.35004,,,1.34921,1.35035,detection
2025-09-22 17:53:48,GBPUSD,sell,,,,1.3494,1.35004,,,1.34921,1.35035,detection
2025-09-22 17:53:53,GBPUSD,sell,,,,1.3494,1.35004,,,1.34921,1.35035,detection
2025-09-22 17:53:58,GBPUSD,sell,,,,1.3494,1.35004,,,1.34921,1.35035,detection
2025-09-22 17:53:58,GBPUSD,sell,1.35015,1.35165,1.34715,,,,,,,failed_10030
2025-09-22 17:53:58,GBPUSD,sell,0.0,,,1.3494,1.35004,,,1.34921,1.35035,order_attempt
2025-09-22 17:54:03,GBPUSD,sell,,,,1.3494,1.35004,,,1.34921,1.35035,detection
2025-09-22 17:54:08,GBPUSD,sell,,,,1.3494,1.35004,,,1.34921,1.35035,detection
2025-09-22 17:54:13,GBPUSD,sell,,,,1.3494,1.35004,,,1.34921,1.35035,detection
2025-09-22 17:54:18,GBPUSD,sell,,,,1.3494,1.35004,,,1.34921,1.35035,detection
2025-09-22 17:54:23,GBPUSD,sell,,,,1.3494,1.35004,,,1.34921,1.35035,detection
2025-09-22 17:54:28,GBPUSD,sell,,,,1.3494,1.35004,,,1.34921,1.35035,detection
2025-09-22 17:54:33,GBPUSD,sell,,,,1.3494,1.35004,,,1.34921,1.35035,detection
2025-09-22 17:54:38,GBPUSD,sell,,,,1.3494,1.35004,,,1.34921,1.35035,detection
2025-09-22 17:54:43,GBPUSD,sell,,,,1.3494,1.35004,,,1.34921,1.35035,detection
2025-09-22 17:55:46,GBPUSD,sell,,,,1.3494,1.35004,,,1.34921,1.35035,detection
2025-09-22 17:55:46,GBPUSD,sell,1.35013,1.35163,1.34713,,,,,,,failed_10030
2025-09-22 17:55:46,GBPUSD,sell,0.0,,,1.3494,1.35004,,,1.34921,1.35035,order_attempt
2025-09-22 17:55:51,GBPUSD,sell,,,,1.3494,1.35004,,,1.34921,1.35035,detection
2025-09-22 17:55:56,GBPUSD,sell,,,,1.3494,1.35004,,,1.34921,1.35035,detection
2025-09-22 17:56:01,GBPUSD,sell,,,,1.3494,1.35004,,,1.34921,1.35035,detection
2025-09-22 17:56:06,GBPUSD,sell,,,,1.3494,1.35004,,,1.34921,1.35035,detection
2025-09-22 17:56:11,GBPUSD,sell,,,,1.3494,1.35004,,,1.34921,1.35035,detection
2025-09-22 17:56:16,GBPUSD,sell,,,,1.3494,1.35004,,,1.34921,1.35035,detection
2025-09-22 17:56:21,GBPUSD,sell,,,,1.3494,1.35004,,,1.34921,1.35035,detection
2025-09-22 17:56:26,GBPUSD,sell,,,,1.3494,1.35004,,,1.34921,1.35035,detection
2025-09-22 17:56:32,GBPUSD,sell,,,,1.3494,1.35004,,,1.34921,1.35035,detection
2025-09-22 17:56:37,GBPUSD,sell,,,,1.3494,1.35004,,,1.34921,1.35035,detection
2025-09-22 17:56:42,GBPUSD,sell,,,,1.3494,1.35004,,,1.34921,1.35035,detection
2025-09-22 17:56:47,GBPUSD,sell,,,,1.3494,1.35004,,,1.34921,1.35035,detection
2025-09-22 17:56:47,GBPUSD,sell,1.35016,1.35166,1.34716,,,,,,,failed_10030
2025-09-22 17:56:47,GBPUSD,sell,0.0,,,1.3494,1.35004,,,1.34921,1.35035,order_attempt
2025-09-22 17:56:52,GBPUSD,sell,,,,1.3494,1.35004,,,1.34921,1.35035,detection
2025-09-22 17:56:57,GBPUSD,sell,,,,1.3494,1.35004,,,1.34921,1.35035,detection
2025-09-22 17:57:02,GBPUSD,sell,,,,1.3494,1.35004,,,1.34921,1.35035,detection
2025-09-22 17:57:07,GBPUSD,sell,,,,1.3494,1.35004,,,1.34921,1.35035,detection
2025-09-22 17:57:12,GBPUSD,sell,,,,1.3494,1.35004,,,1.34921,1.35035,detection
2025-09-22 17:57:17,GBPUSD,sell,,,,1.3494,1.35004,,,1.34921,1.35035,detection
2025-09-22 17:57:22,GBPUSD,sell,,,,1.3494,1.35004,,,1.34921,1.35035,detection
2025-09-22 17:57:27,GBPUSD,sell,,,,1.3494,1.35004,,,1.34921,1.35035,detection
2025-09-22 17:57:32,GBPUSD,sell,,,,1.3494,1.35004,,,1.34921,1.35035,detection
2025-09-22 17:57:37,GBPUSD,sell,,,,1.3494,1.35004,,,1.34921,1.35035,detection
2025-09-22 17:57:42,GBPUSD,sell,,,,1.3494,1.35004,,,1.34921,1.35035,detection
2025-09-22 17:57:47,GBPUSD,sell,,,,1.3494,1.35004,,,1.34921,1.35035,detection
2025-09-22 17:57:47,GBPUSD,sell,1.3501699999999999,1.35167,1.34717,,,,,,,failed_10030
2025-09-22 17:57:47,GBPUSD,sell,0.0,,,1.3494,1.35004,,,1.34921,1.35035,order_attempt
2025-09-22 17:57:52,GBPUSD,sell,,,,1.3494,1.35004,,,1.34921,1.35035,detection
2025-09-22 17:57:57,GBPUSD,sell,,,,1.3494,1.35004,,,1.34921,1.35035,detection
2025-09-22 17:58:02,GBPUSD,sell,,,,1.3494,1.35004,,,1.34921,1.35035,detection
2025-09-22 17:58:07,GBPUSD,sell,,,,1.3494,1.35004,,,1.34921,1.35035,detection
2025-09-22 17:58:12,GBPUSD,sell,,,,1.3494,1.35004,,,1.34921,1.35035,detection
2025-09-22 17:58:17,GBPUSD,sell,,,,1.3494,1.35004,,,1.34921,1.35035,detection
2025-09-22 17:58:22,GBPUSD,sell,,,,1.3494,1.35004,,,1.34921,1.35035,detection
2025-09-22 17:58:28,GBPUSD,sell,,,,1.3494,1.35004,,,1.34921,1.35035,detection
2025-09-22 17:58:33,GBPUSD,sell,,,,1.3494,1.35004,,,1.34921,1.35035,detection
2025-09-22 17:58:38,GBPUSD,sell,,,,1.3494,1.35004,,,1.34921,1.35035,detection
2025-09-22 17:58:43,GBPUSD,sell,,,,1.3494,1.35004,,,1.34921,1.35035,detection
2025-09-22 17:58:48,GBPUSD,sell,,,,1.3494,1.35004,,,1.34921,1.35035,detection
2025-09-22 17:58:48,GBPUSD,sell,1.35016,1.35166,1.34716,,,,,,,failed_10030
2025-09-22 17:58:48,GBPUSD,sell,0.0,,,1.3494,1.35004,,,1.34921,1.35035,order_attempt
2025-09-22 17:58:53,GBPUSD,sell,,,,1.3494,1.35004,,,1.34921,1.35035,detection
2025-09-22 17:58:58,GBPUSD,sell,,,,1.3494,1.35004,,,1.34921,1.35035,detection
2025-09-22 17:59:03,GBPUSD,sell,,,,1.3494,1.35004,,,1.34921,1.35035,detection
2025-09-22 17:59:08,GBPUSD,sell,,,,1.3494,1.35004,,,1.34921,1.35035,detection
2025-09-22 17:59:13,GBPUSD,sell,,,,1.3494,1.35004,,,1.34921,1.35035,detection
2025-09-22 17:59:18,GBPUSD,sell,,,,1.3494,1.35004,,,1.34921,1.35035,detection
2025-09-22 17:59:23,GBPUSD,sell,,,,1.3494,1.35004,,,1.34921,1.35035,detection
2025-09-22 17:59:28,GBPUSD,sell,,,,1.3494,1.35004,,,1.34921,1.35035,detection
2025-09-22 17:59:33,GBPUSD,sell,,,,1.3494,1.35004,,,1.34921,1.35035,detection
2025-09-22 17:59:38,GBPUSD,sell,,,,1.3494,1.35004,,,1.34921,1.35035,detection
2025-09-22 17:59:43,GBPUSD,sell,,,,1.3494,1.35004,,,1.34921,1.35035,detection
2025-09-22 17:59:48,GBPUSD,sell,,,,1.3494,1.35004,,,1.34921,1.35035,detection
2025-09-22 17:59:48,GBPUSD,sell,1.35025,1.35175,1.34725,,,,,,,failed_10030
2025-09-22 17:59:48,GBPUSD,sell,0.0,,,1.3494,1.35004,,,1.34921,1.35035,order_attempt
2025-09-22 17:59:53,GBPUSD,sell,,,,1.3494,1.35004,,,1.34921,1.35035,detection
2025-09-22 17:59:58,GBPUSD,buy,,,,1.35022,1.35023,,,1.35003,1.35056,detection
2025-09-22 18:00:04,GBPUSD,buy,,,,1.3494,1.35004,,,1.35003,1.35056,detection
2025-09-22 18:00:09,GBPUSD,buy,,,,1.3494,1.35004,,,1.35003,1.35056,detection
2025-09-22 18:00:14,GBPUSD,buy,,,,1.3494,1.35004,,,1.35003,1.35056,detection
2025-09-22 18:00:19,GBPUSD,buy,,,,1.3494,1.35004,,,1.35003,1.35056,detection
2025-09-22 18:00:24,GBPUSD,buy,,,,1.35022,1.35023,,,1.35003,1.35056,detection
2025-09-22 18:00:29,GBPUSD,buy,,,,1.35022,1.35023,,,1.35003,1.35056,detection
2025-09-22 18:00:34,GBPUSD,buy,,,,1.35022,1.35023,,,1.35003,1.35056,detection
2025-09-22 18:00:39,GBPUSD,buy,,,,1.35022,1.35023,,,1.35003,1.35056,detection
2025-09-22 18:00:44,GBPUSD,buy,,,,1.35022,1.35023,,,1.35003,1.35056,detection
2025-09-22 18:00:49,GBPUSD,buy,,,,1.35022,1.35023,,,1.35003,1.35056,detection
2025-09-22 18:00:49,GBPUSD,buy,1.35037,1.34887,1.35337,,,,,,,failed_10030
2025-09-22 18:00:49,GBPUSD,buy,0.0,,,1.35022,1.35023,,,1.35003,1.35056,order_attempt
2025-09-22 18:00:54,GBPUSD,buy,,,,1.35022,1.35023,,,1.35003,1.35056,detection
2025-09-22 18:00:59,GBPUSD,buy,,,,1.35022,1.35023,,,1.35003,1.35056,detection
2025-09-22 18:01:04,GBPUSD,buy,,,,1.35022,1.35023,,,1.35003,1.35056,detection
2025-09-22 18:01:09,GBPUSD,buy,,,,1.35022,1.35023,,,1.35003,1.35056,detection
2025-09-22 18:01:14,GBPUSD,buy,,,,1.35022,1.35023,,,1.35003,1.35056,detection
2025-09-22 18:01:19,GBPUSD,buy,,,,1.35022,1.35023,,,1.35003,1.35056,detection
2025-09-22 18:01:24,GBPUSD,buy,,,,1.3494,1.35004,,,1.35003,1.35056,detection
2025-09-22 18:02:02,GBPUSD,buy,,,,1.3494,1.35004,,,1.35003,1.35056,detection
2025-09-22 18:02:02,GBPUSD,buy,1.35018,1.34868,1.35318,,,,,,,failed_10030
2025-09-22 18:02:02,GBPUSD,buy,0.0,,,1.3494,1.35004,,,1.35003,1.35056,order_attempt
2025-09-22 18:02:07,GBPUSD,buy,,,,1.3494,1.35004,,,1.35003,1.35056,detection
2025-09-22 18:02:13,GBPUSD,buy,,,,1.3494,1.35004,,,1.35003,1.35056,detection
2025-09-22 18:02:18,GBPUSD,buy,,,,1.3494,1.35004,,,1.35003,1.35056,detection
2025-09-22 18:02:23,GBPUSD,buy,,,,1.3494,1.35004,,,1.35003,1.35056,detection
2025-09-22 18:10:31,GBPUSD,buy,,,,1.35022,1.35023,,,1.35003,1.35056,detection
2025-09-22 18:10:31,GBPUSD,buy,1.35053,1.34903,1.35353,,,,,,,failed_10030
2025-09-22 18:10:31,GBPUSD,buy,0.0,,,1.35022,1.35023,,,1.35003,1.35056,order_attempt
2025-09-22 18:10:36,GBPUSD,buy,,,,1.35022,1.35023,,,1.35003,1.35056,detection
2025-09-22 18:10:41,GBPUSD,buy,,,,1.35022,1.35023,,,1.35003,1.35056,detection
2025-09-22 18:10:46,GBPUSD,buy,,,,1.35022,1.35023,,,1.35003,1.35056,detection
2025-09-22 18:21:01,GBPUSD,sell,,,,1.35024,1.35071,1.35074,1.35093,1.35003,1.35056,detection
2025-09-22 18:21:06,GBPUSD,sell,,,,1.35024,1.35071,1.35074,1.35093,1.35003,1.35056,detection
2025-09-22 18:21:11,GBPUSD,sell,,,,1.35024,1.35071,1.35074,1.35093,1.35003,1.35056,detection
2025-09-22 18:21:16,GBPUSD,sell,,,,1.35024,1.35071,1.35074,1.35093,1.35003,1.35056,detection
2025-09-22 18:21:21,GBPUSD,sell,,,,1.35024,1.35071,1.35074,1.35093,1.35003,1.35056,detection
2025-09-22 18:21:26,GBPUSD,sell,,,,1.35024,1.35071,1.35074,1.35093,1.35003,1.35056,detection
2025-09-22 18:21:31,GBPUSD,sell,,,,1.35024,1.35071,1.35074,1.35093,1.35003,1.35056,detection
2025-09-22 18:21:36,GBPUSD,sell,,,,1.35024,1.35071,1.35074,1.35093,1.35003,1.35056,detection
2025-09-22 18:21:41,GBPUSD,sell,,,,1.35024,1.35071,1.35074,1.35093,1.35003,1.35056,detection
2025-09-22 18:21:46,GBPUSD,sell,,,,1.35024,1.35071,1.35074,1.35093,1.35003,1.35056,detection
2025-09-22 18:21:51,GBPUSD,sell,,,,1.35024,1.35071,1.35074,1.35093,1.35003,1.35056,detection
2025-09-22 18:21:57,GBPUSD,sell,,,,1.35024,1.35071,1.35074,1.35093,1.35003,1.35056,detection
2025-09-22 18:22:02,GBPUSD,sell,,,,1.35024,1.35071,1.35074,1.35093,1.35003,1.35056,detection
2025-09-22 18:22:07,GBPUSD,sell,,,,1.35024,1.35071,1.35074,1.35093,1.35003,1.35056,detection
2025-09-22 18:22:12,GBPUSD,sell,,,,1.35024,1.35071,1.35074,1.35093,1.35003,1.35056,detection
2025-09-22 18:22:17,GBPUSD,sell,,,,1.35024,1.35071,1.35074,1.35093,1.35003,1.35056,detection
2025-09-22 18:22:22,GBPUSD,sell,,,,1.35024,1.35071,1.35074,1.35093,1.35003,1.35056,detection
2025-09-22 18:22:27,GBPUSD,sell,,,,1.35024,1.35071,1.35074,1.35093,1.35003,1.35056,detection
2025-09-22 18:22:32,GBPUSD,sell,,,,1.35024,1.35071,1.35074,1.35093,1.35003,1.35056,detection
2025-09-22 18:22:37,GBPUSD,sell,,,,1.35024,1.35071,1.35074,1.35093,1.35003,1.35056,detection
2025-09-22 18:22:42,GBPUSD,sell,,,,1.35024,1.35071,1.35074,1.35093,1.35003,1.35056,detection
2025-09-22 18:22:47,GBPUSD,sell,,,,1.35024,1.35071,1.35074,1.35093,1.35003,1.35056,detection
2025-09-22 18:22:52,GBPUSD,sell,,,,1.35024,1.35071,1.35074,1.35093,1.35003,1.35056,detection
2025-09-22 18:22:57,GBPUSD,sell,,,,1.35024,1.35071,1.35074,1.35093,1.35003,1.35056,detection
2025-09-22 18:23:02,GBPUSD,sell,,,,1.35024,1.35071,1.35074,1.35093,1.35003,1.35056,detection
2025-09-22 18:23:07,GBPUSD,sell,,,,1.35024,1.35071,1.35074,1.35093,1.35003,1.35056,detection
2025-09-22 18:23:12,GBPUSD,sell,,,,1.35024,1.35071,1.35074,1.35093,1.35003,1.35056,detection
2025-09-22 18:23:17,GBPUSD,sell,,,,1.35024,1.35071,1.35074,1.35093,1.35003,1.35056,detection
2025-09-22 18:23:22,GBPUSD,sell,,,,1.35024,1.35071,1.35074,1.35093,1.35003,1.35056,detection
2025-09-22 18:23:27,GBPUSD,sell,,,,1.35024,1.35071,1.35074,1.35093,1.35003,1.35056,detection
2025-09-22 18:23:32,GBPUSD,sell,,,,1.35024,1.35071,1.35074,1.35093,1.35003,1.35056,detection
2025-09-22 18:23:37,GBPUSD,sell,,,,1.35024,1.35071,1.35074,1.35093,1.35003,1.35056,detection
2025-09-22 18:23:42,GBPUSD,sell,,,,1.35024,1.35071,1.35074,1.35093,1.35003,1.35056,detection
2025-09-22 18:23:47,GBPUSD,sell,,,,1.35024,1.35071,1.35074,1.35093,1.35003,1.35056,detection
2025-09-22 18:23:52,GBPUSD,sell,,,,1.35024,1.35071,1.35074,1.35093,1.35003,1.35056,detection
2025-09-22 18:23:57,GBPUSD,sell,,,,1.35024,1.35071,1.35074,1.35093,1.35003,1.35056,detection
2025-09-22 18:24:02,GBPUSD,sell,,,,1.35024,1.35071,1.35074,1.35093,1.35003,1.35056,detection
2025-09-22 18:24:07,GBPUSD,sell,,,,1.35024,1.35071,1.35074,1.35093,1.35003,1.35056,detection
2025-09-22 18:24:13,GBPUSD,sell,,,,1.35024,1.35071,1.35074,1.35093,1.35003,1.35056,detection
2025-09-22 18:24:18,GBPUSD,sell,,,,1.35024,1.35071,1.35074,1.35093,1.35003,1.35056,detection
2025-09-22 18:24:23,GBPUSD,sell,,,,1.35024,1.35071,1.35074,1.35093,1.35003,1.35056,detection
2025-09-22 18:24:28,GBPUSD,sell,,,,1.35024,1.35071,1.35074,1.35093,1.35003,1.35056,detection
2025-09-22 18:24:33,GBPUSD,sell,,,,1.35024,1.35071,1.35074,1.35093,1.35003,1.35056,detection
2025-09-22 18:24:38,GBPUSD,sell,,,,1.35024,1.35071,1.35074,1.35093,1.35003,1.35056,detection
2025-09-22 18:24:43,GBPUSD,sell,,,,1.35024,1.35071,1.35074,1.35093,1.35003,1.35056,detection
2025-09-22 18:24:48,GBPUSD,sell,,,,1.35024,1.35071,1.35074,1.35093,1.35003,1.35056,detection
2025-09-22 18:24:53,GBPUSD,sell,,,,1.35024,1.35071,1.35074,1.35093,1.35003,1.35056,detection
2025-09-22 18:24:58,GBPUSD,sell,,,,1.35024,1.35071,1.35074,1.35093,1.35003,1.35056,detection
2025-09-22 18:25:03,GBPUSD,sell,,,,1.35024,1.35071,1.35074,1.35093,1.35003,1.35056,detection
2025-09-22 18:25:08,GBPUSD,sell,,,,1.35024,1.35071,1.35074,1.35093,1.35003,1.35056,detection
2025-09-22 18:25:13,GBPUSD,sell,,,,1.35024,1.35071,1.35074,1.35093,1.35003,1.35056,detection
2025-09-22 18:25:18,GBPUSD,sell,,,,1.35024,1.35071,1.35074,1.35093,1.35003,1.35056,detection
2025-09-22 18:25:23,GBPUSD,sell,,,,1.35024,1.35071,1.35074,1.35093,1.35003,1.35056,detection
2025-09-22 18:25:28,GBPUSD,sell,,,,1.35024,1.35071,1.35074,1.35093,1.35003,1.35056,detection
2025-09-22 18:25:33,GBPUSD,sell,,,,1.35024,1.35071,1.35074,1.35093,1.35003,1.35056,detection
2025-09-22 18:25:38,GBPUSD,sell,,,,1.35024,1.35071,1.35074,1.35093,1.35003,1.35056,detection
2025-09-22 18:25:43,GBPUSD,sell,,,,1.35024,1.35071,1.35074,1.35093,1.35003,1.35056,detection
2025-09-22 18:25:48,GBPUSD,sell,,,,1.35024,1.35071,1.35074,1.35093,1.35003,1.35056,detection
2025-09-22 18:25:53,GBPUSD,sell,,,,1.35024,1.35071,1.35074,1.35093,1.35003,1.35056,detection
2025-09-22 18:25:58,GBPUSD,sell,,,,1.35024,1.35071,1.35074,1.35093,1.35003,1.35056,detection
2025-09-22 18:26:03,GBPUSD,sell,,,,1.35024,1.35071,1.35074,1.35093,1.35003,1.35056,detection
2025-09-22 18:26:09,GBPUSD,sell,,,,1.35024,1.35071,1.35074,1.35093,1.35003,1.35056,detection
2025-09-22 18:26:14,GBPUSD,sell,,,,1.35024,1.35071,1.35074,1.35093,1.35003,1.35056,detection
2025-09-22 18:26:20,GBPUSD,sell,,,,1.35024,1.35071,1.35074,1.35093,1.35003,1.35056,detection
2025-09-22 18:26:25,GBPUSD,sell,,,,1.35024,1.35071,1.35074,1.35093,1.35003,1.35056,detection
2025-09-22 18:26:30,GBPUSD,sell,,,,1.35024,1.35071,1.35074,1.35093,1.35003,1.35056,detection
2025-09-22 18:26:35,GBPUSD,sell,,,,1.35024,1.35071,1.35074,1.35093,1.35003,1.35056,detection
2025-09-22 18:26:40,GBPUSD,sell,,,,1.35024,1.35071,1.35074,1.35093,1.35003,1.35056,detection
2025-09-22 18:26:45,GBPUSD,sell,,,,1.35024,1.35071,1.35074,1.35093,1.35003,1.35056,detection
2025-09-22 18:26:50,GBPUSD,sell,,,,1.35024,1.35071,1.35074,1.35093,1.35003,1.35056,detection
2025-09-22 18:26:55,GBPUSD,sell,,,,1.35024,1.35071,1.35074,1.35093,1.35003,1.35056,detection
2025-09-22 18:27:00,GBPUSD,sell,,,,1.35024,1.35071,1.35074,1.35093,1.35003,1.35056,detection
2025-09-22 18:27:05,GBPUSD,sell,,,,1.35024,1.35071,1.35074,1.35093,1.35003,1.35056,detection
2025-09-22 18:27:10,GBPUSD,sell,,,,1.35024,1.35071,1.35074,1.35093,1.35003,1.35056,detection
2025-09-22 18:27:15,GBPUSD,sell,,,,1.35024,1.35071,1.35074,1.35093,1.35003,1.35056,detection
2025-09-22 18:27:20,GBPUSD,sell,,,,1.35024,1.35071,1.35074,1.35093,1.35003,1.35056,detection
2025-09-22 18:27:25,GBPUSD,sell,,,,1.35024,1.35071,1.35074,1.35093,1.35003,1.35056,detection
2025-09-22 18:27:30,GBPUSD,sell,,,,1.35024,1.35071,1.35074,1.35093,1.35003,1.35056,detection
2025-09-22 18:27:35,GBPUSD,sell,,,,1.35024,1.35071,1.35074,1.35093,1.35003,1.35056,detection
2025-09-22 18:27:40,GBPUSD,sell,,,,1.35024,1.35071,1.35074,1.35093,1.35003,1.35056,detection
2025-09-22 18:27:45,GBPUSD,sell,,,,1.35024,1.35071,1.35074,1.35093,1.35003,1.35056,detection
2025-09-22 18:27:50,GBPUSD,sell,,,,1.35024,1.35071,1.35074,1.35093,1.35003,1.35056,detection
2025-09-22 18:27:55,GBPUSD,sell,,,,1.35024,1.35071,1.35074,1.35093,1.35003,1.35056,detection
2025-09-22 18:28:00,GBPUSD,sell,,,,1.35024,1.35071,1.35074,1.35093,1.35003,1.35056,detection
2025-09-22 18:28:05,GBPUSD,sell,,,,1.35024,1.35071,1.35074,1.35093,1.35003,1.35056,detection
2025-09-22 18:28:10,GBPUSD,sell,,,,1.35024,1.35071,1.35074,1.35093,1.35003,1.35056,detection
2025-09-22 18:28:15,GBPUSD,sell,,,,1.35024,1.35071,1.35074,1.35093,1.35003,1.35056,detection
2025-09-22 18:28:20,GBPUSD,sell,,,,1.35024,1.35071,1.35074,1.35093,1.35003,1.35056,detection
2025-09-22 18:28:26,GBPUSD,sell,,,,1.35024,1.35071,1.35074,1.35093,1.35003,1.35056,detection
2025-09-22 18:28:31,GBPUSD,sell,,,,1.35024,1.35071,1.35074,1.35093,1.35003,1.35056,detection
2025-09-22 18:28:36,GBPUSD,sell,,,,1.35024,1.35071,1.35074,1.35093,1.35003,1.35056,detection
2025-09-22 18:28:41,GBPUSD,sell,,,,1.35024,1.35071,1.35074,1.35093,1.35003,1.35056,detection
2025-09-22 18:28:46,GBPUSD,sell,,,,1.35024,1.35071,1.35074,1.35093,1.35003,1.35056,detection
2025-09-22 18:28:51,GBPUSD,sell,,,,1.35024,1.35071,1.35074,1.35093,1.35003,1.35056,detection
2025-09-22 18:28:56,GBPUSD,sell,,,,1.35024,1.35071,1.35074,1.35093,1.35003,1.35056,detection
2025-09-22 18:29:01,GBPUSD,sell,,,,1.35024,1.35071,1.35074,1.35093,1.35003,1.35056,detection
2025-09-22 18:29:06,GBPUSD,sell,,,,1.35024,1.35071,1.35074,1.35093,1.35003,1.35056,detection
2025-09-22 18:29:11,GBPUSD,sell,,,,1.35024,1.35071,1.35074,1.35093,1.35003,1.35056,detection
2025-09-22 18:29:16,GBPUSD,sell,,,,1.35024,1.35071,1.35074,1.35093,1.35003,1.35056,detection
2025-09-22 18:29:21,GBPUSD,sell,,,,1.35024,1.35071,1.35074,1.35093,1.35003,1.35056,detection
2025-09-22 18:29:27,GBPUSD,sell,,,,1.35024,1.35071,1.35074,1.35093,1.35003,1.35056,detection
2025-09-22 18:29:34,GBPUSD,sell,,,,1.35024,1.35071,1.35074,1.35093,1.35003,1.35056,detection
2025-09-22 18:29:39,GBPUSD,sell,,,,1.35024,1.35071,1.35074,1.35093,1.35003,1.35056,detection
2025-09-22 18:29:44,GBPUSD,sell,,,,1.35024,1.35071,1.35074,1.35093,1.35003,1.35056,detection
2025-09-22 18:29:49,GBPUSD,sell,,,,1.35024,1.35071,1.35074,1.35093,1.35003,1.35056,detection
2025-09-22 18:29:54,GBPUSD,sell,,,,1.35024,1.35071,1.35074,1.35093,1.35003,1.35056,detection
2025-09-22 18:29:59,GBPUSD,sell,,,,1.35071,1.35101,1.35093,1.35205,1.35003,1.35056,detection
2025-09-22 18:29:59,GBPUSD,sell,1.35101,1.35251,1.34801,,,,,,,failed_10030
2025-09-22 18:29:59,GBPUSD,sell,0.0,,,1.35071,1.35101,1.35093,1.35205,1.35003,1.35056,order_attempt
2025-09-22 18:30:04,GBPUSD,sell,,,,1.35071,1.35101,1.35093,1.35205,1.35003,1.35056,detection
2025-09-22 18:30:09,GBPUSD,sell,,,,1.35071,1.35101,1.35093,1.35205,1.35003,1.35056,detection
2025-09-22 18:30:14,GBPUSD,sell,,,,1.35071,1.35101,1.35093,1.35205,1.35003,1.35056,detection
2025-09-22 18:30:19,GBPUSD,sell,,,,1.35071,1.35101,1.35093,1.35205,1.35003,1.35056,detection
2025-09-22 18:30:24,GBPUSD,sell,,,,1.35071,1.35101,1.35093,1.35205,1.35003,1.35056,detection
2025-09-22 18:30:30,GBPUSD,sell,,,,1.35071,1.35101,1.35093,1.35205,1.35003,1.35056,detection
2025-09-22 18:30:35,GBPUSD,sell,,,,1.35071,1.35101,1.35093,1.35205,1.35003,1.35056,detection
2025-09-22 18:30:40,GBPUSD,sell,,,,1.35071,1.35101,1.35093,1.35205,1.35003,1.35056,detection
2025-09-22 18:30:45,GBPUSD,sell,,,,1.35071,1.35101,1.35093,1.35205,1.35003,1.35056,detection
2025-09-22 18:30:50,GBPUSD,sell,,,,1.35071,1.35101,1.35093,1.35205,1.35003,1.35056,detection
2025-09-22 18:30:55,GBPUSD,sell,,,,1.35071,1.35092,1.35093,1.35205,1.35003,1.35056,detection
2025-09-22 18:31:00,GBPUSD,sell,,,,1.35071,1.3509,1.35093,1.35205,1.35003,1.35056,detection
2025-09-22 18:31:00,GBPUSD,sell,1.3509,1.3524,1.3479,,,,,,,failed_10030
2025-09-22 18:31:00,GBPUSD,sell,0.0,,,1.35071,1.3509,1.35093,1.35205,1.35003,1.35056,order_attempt
2025-09-22 18:31:05,GBPUSD,sell,,,,1.35071,1.35101,1.35093,1.35205,1.35003,1.35056,detection
2025-09-22 18:31:11,GBPUSD,sell,,,,1.35071,1.35091,1.35093,1.35205,1.35003,1.35056,detection
2025-09-22 18:31:16,GBPUSD,sell,,,,1.35071,1.35095,1.35093,1.35205,1.35003,1.35056,detection
2025-09-22 18:31:21,GBPUSD,sell,,,,1.35071,1.35095,1.35093,1.35205,1.35003,1.35056,detection
2025-09-22 18:31:26,GBPUSD,sell,,,,1.35071,1.35097,1.35093,1.35205,1.35003,1.35056,detection
2025-09-22 18:31:31,GBPUSD,sell,,,,1.35071,1.35097,1.35093,1.35205,1.35003,1.35056,detection
2025-09-22 18:31:36,GBPUSD,sell,,,,1.35071,1.35094,1.35093,1.35205,1.35003,1.35056,detection
2025-09-22 18:31:42,GBPUSD,sell,,,,1.35071,1.35095,1.35093,1.35205,1.35003,1.35056,detection
2025-09-22 18:31:47,GBPUSD,sell,,,,1.35071,1.35095,1.35093,1.35205,1.35003,1.35056,detection
2025-09-22 18:31:52,GBPUSD,sell,,,,1.35071,1.35095,1.35093,1.35205,1.35003,1.35056,detection
2025-09-22 18:31:57,GBPUSD,sell,,,,1.35071,1.35088,1.35093,1.35205,1.35003,1.35056,detection
2025-09-22 18:32:02,GBPUSD,sell,,,,1.35071,1.35094,1.35093,1.35205,1.35003,1.35056,detection
2025-09-22 18:32:02,GBPUSD,sell,1.35094,1.35244,1.34794,,,,,,,failed_10030
2025-09-22 18:32:02,GBPUSD,sell,0.0,,,1.35071,1.35094,1.35093,1.35205,1.35003,1.35056,order_attempt
2025-09-22 18:32:07,GBPUSD,sell,,,,1.35071,1.35094,1.35093,1.35205,1.35003,1.35056,detection
2025-09-22 18:32:12,GBPUSD,sell,,,,1.35071,1.35092,1.35093,1.35205,1.35003,1.35056,detection
2025-09-22 18:32:17,GBPUSD,sell,,,,1.35071,1.35094,1.35093,1.35205,1.35003,1.35056,detection
2025-09-22 18:32:22,GBPUSD,sell,,,,1.35071,1.35094,1.35093,1.35205,1.35003,1.35056,detection
2025-09-22 18:32:27,GBPUSD,sell,,,,1.35071,1.35091,1.35093,1.35205,1.35003,1.35056,detection
2025-09-22 18:32:32,GBPUSD,sell,,,,1.35071,1.35091,1.35093,1.35205,1.35003,1.35056,detection
2025-09-22 18:32:37,GBPUSD,sell,,,,1.35071,1.35084,1.35093,1.35205,1.35003,1.35056,detection
2025-09-22 18:32:43,GBPUSD,sell,,,,1.35071,1.35085,1.35093,1.35205,1.35003,1.35056,detection
2025-09-22 18:32:48,GBPUSD,sell,,,,1.35071,1.35085,1.35093,1.35205,1.35003,1.35056,detection
2025-09-22 18:32:53,GBPUSD,sell,,,,1.35071,1.35083,1.35093,1.35205,1.35003,1.35056,detection
2025-09-22 18:32:58,GBPUSD,sell,,,,1.35024,1.35071,1.35093,1.35205,1.35003,1.35056,detection
2025-09-22 18:33:03,GBPUSD,sell,,,,1.35071,1.35078,1.35093,1.35205,1.35003,1.35056,detection
2025-09-22 18:33:03,GBPUSD,sell,1.3507799999999999,1.35228,1.34778,,,,,,,failed_10030
2025-09-22 18:33:03,GBPUSD,sell,0.0,,,1.35071,1.35078,1.35093,1.35205,1.35003,1.35056,order_attempt
2025-09-22 18:33:08,GBPUSD,sell,,,,1.35071,1.35072,1.35093,1.35205,1.35003,1.35056,detection
2025-09-22 18:33:13,GBPUSD,sell,,,,1.35071,1.35077,1.35093,1.35205,1.35003,1.35056,detection
2025-09-22 18:33:18,GBPUSD,sell,,,,1.35024,1.35071,1.35093,1.35205,1.35003,1.35056,detection
2025-09-22 18:33:23,GBPUSD,sell,,,,1.35071,1.35073,1.35093,1.35205,1.35003,1.35056,detection
2025-09-22 18:33:28,GBPUSD,sell,,,,1.35024,1.35071,1.35093,1.35205,1.35003,1.35056,detection
2025-09-22 18:33:33,GBPUSD,sell,,,,1.35024,1.35071,1.35093,1.35205,1.35003,1.35056,detection
2025-09-22 18:33:38,GBPUSD,sell,,,,1.35024,1.35071,1.35093,1.35205,1.35003,1.35056,detection
2025-09-22 18:33:43,GBPUSD,sell,,,,1.35071,1.35075,1.35093,1.35205,1.35003,1.35056,detection
2025-09-22 18:33:48,GBPUSD,sell,,,,1.35071,1.35076,1.35093,1.35205,1.35003,1.35056,detection
2025-09-22 18:34:34,GBPUSD,sell,,,,1.35024,1.35071,1.35093,1.35205,1.35003,1.35056,detection
2025-09-22 18:34:34,GBPUSD,sell,1.35067,1.35217,1.34767,,,,,,,failed_10030
2025-09-22 18:34:34,GBPUSD,sell,0.0,,,1.35024,1.35071,1.35093,1.35205,1.35003,1.35056,order_attempt
2025-09-22 18:34:39,GBPUSD,sell,,,,1.35024,1.35071,1.35093,1.35205,1.35003,1.35056,detection
2025-09-22 18:34:44,GBPUSD,sell,,,,1.35024,1.35071,1.35093,1.35205,1.35003,1.35056,detection
2025-09-22 18:34:49,GBPUSD,sell,,,,1.35024,1.35071,1.35093,1.35205,1.35003,1.35056,detection
2025-09-22 18:34:54,GBPUSD,sell,,,,1.35071,1.35073,1.35093,1.35205,1.35003,1.35056,detection
2025-09-22 18:34:59,GBPUSD,sell,,,,1.35024,1.35071,1.35093,1.35205,1.35003,1.35056,detection
2025-09-22 18:35:04,GBPUSD,sell,,,,1.35024,1.35071,1.35093,1.35205,1.35003,1.35056,detection
2025-09-22 18:35:09,GBPUSD,sell,,,,1.35071,1.35072,1.35093,1.35205,1.35003,1.35056,detection
2025-09-22 18:35:14,GBPUSD,sell,,,,1.35071,1.35072,1.35093,1.35205,1.35003,1.35056,detection
2025-09-22 18:35:19,GBPUSD,sell,,,,1.35071,1.35072,1.35093,1.35205,1.35003,1.35056,detection
2025-09-22 18:35:24,GBPUSD,sell,,,,1.35071,1.35072,1.35093,1.35205,1.35003,1.35056,detection
2025-09-22 18:35:29,GBPUSD,sell,,,,1.35071,1.35072,1.35093,1.35205,1.35003,1.35056,detection
2025-09-22 18:35:34,GBPUSD,sell,,,,1.35024,1.35071,1.35093,1.35205,1.35003,1.35056,detection
2025-09-22 18:35:34,GBPUSD,sell,1.35064,1.35214,1.34764,,,,,,,failed_10030
2025-09-22 18:35:34,GBPUSD,sell,0.0,,,1.35024,1.35071,1.35093,1.35205,1.35003,1.35056,order_attempt
2025-09-22 18:35:39,GBPUSD,sell,,,,1.35024,1.35071,1.35093,1.35205,1.35003,1.35056,detection
2025-09-22 18:35:44,GBPUSD,sell,,,,1.35024,1.35071,1.35093,1.35205,1.35003,1.35056,detection
2025-09-22 18:35:49,GBPUSD,sell,,,,1.35024,1.35071,1.35093,1.35205,1.35003,1.35056,detection
2025-09-22 18:35:55,GBPUSD,sell,,,,1.35024,1.35071,1.35093,1.35205,1.35003,1.35056,detection
2025-09-22 18:36:00,GBPUSD,sell,,,,1.35024,1.35071,1.35093,1.35205,1.35003,1.35056,detection
2025-09-22 18:36:05,GBPUSD,sell,,,,1.35024,1.35071,1.35093,1.35205,1.35003,1.35056,detection
2025-09-22 18:36:10,GBPUSD,sell,,,,1.35024,1.35071,1.35093,1.35205,1.35003,1.35056,detection
2025-09-22 18:36:15,GBPUSD,sell,,,,1.35024,1.35071,1.35093,1.35205,1.35003,1.35056,detection
2025-09-22 18:36:20,GBPUSD,sell,,,,1.35024,1.35071,1.35093,1.35205,1.35003,1.35056,detection
2025-09-22 18:36:25,GBPUSD,sell,,,,1.35024,1.35071,1.35093,1.35205,1.35003,1.35056,detection
2025-09-22 18:36:31,GBPUSD,sell,,,,1.35024,1.35071,1.35093,1.35205,1.35003,1.35056,detection
2025-09-22 18:36:36,GBPUSD,sell,,,,1.35024,1.35071,1.35093,1.35205,1.35003,1.35056,detection
2025-09-22 18:36:36,GBPUSD,sell,1.35061,1.35211,1.34761,,,,,,,failed_10030
2025-09-22 18:36:36,GBPUSD,sell,0.0,,,1.35024,1.35071,1.35093,1.35205,1.35003,1.35056,order_attempt
2025-09-22 18:36:41,GBPUSD,sell,,,,1.35024,1.35071,1.35093,1.35205,1.35003,1.35056,detection
2025-09-22 18:36:46,GBPUSD,sell,,,,1.35024,1.35071,1.35093,1.35205,1.35003,1.35056,detection
2025-09-22 18:36:51,GBPUSD,sell,,,,1.35024,1.35071,1.35093,1.35205,1.35003,1.35056,detection
2025-09-22 18:36:56,GBPUSD,sell,,,,1.35024,1.35071,1.35093,1.35205,1.35003,1.35056,detection
